label,item,condition,red,green,blue,gr_ratio
banana_ripe,banana,ripe,250.497,243.652,217.3111,0.9726743195620133
banana_ripe,banana,ripe,247.3544,239.9725,218.3776,0.9701565811234545
banana_ripe,banana,ripe,246.5263,243.5709,225.9083,0.9880118227223148
banana_ripe,banana,ripe,246.0737,232.4008,197.7771,0.944435748540231
banana_ripe,banana,ripe,243.9956,241.0029,225.8112,0.9877346108383324
banana_ripe,banana,ripe,245.0223,236.6537,207.4705,0.9658455537889997
banana_ripe,banana,ripe,175.3453,168.1686,146.9646,0.9590710389210829
banana_ripe,banana,ripe,248.8304,239.9347,221.55,0.9642499430766902
banana_ripe,banana,ripe,208.4558,209.7858,198.6626,1.0063802446063854
banana_ripe,banana,ripe,166.4067,160.2764,142.2476,0.963160732331326
banana_ripe,banana,ripe,175.5173,168.7118,143.6435,0.9612260389076972
banana_ripe,banana,ripe,229.9247,220.3224,174.2807,0.958237192618987
banana_ripe,banana,ripe,246.8718,242.8486,234.0586,0.9837032784477479
banana_ripe,banana,ripe,249.9639,240.8589,219.4861,0.9635747363376282
banana_ripe,banana,ripe,249.2895,236.6899,194.1791,0.9494579557123025
banana_ripe,banana,ripe,95.7725,103.1126,99.8288,1.0766409869572062
banana_ripe,banana,ripe,176.7334,171.6821,152.3667,0.9714185265975841
banana_ripe,banana,ripe,250.7902,248.6539,232.9267,0.991481720611564
banana_ripe,banana,ripe,168.8495,172.4181,160.4595,1.0211347915088005
banana_ripe,banana,ripe,248.6721,234.5245,205.3941,0.943107405522745
banana_ripe,banana,ripe,102.9786,105.95,98.0156,1.0288545287190298
banana_ripe,banana,ripe,244.3839,236.2918,216.2283,0.9668877492875441
banana_ripe,banana,ripe,249.7071,247.1242,235.4913,0.9896562773359017
banana_ripe,banana,ripe,245.7322,238.6005,217.6198,0.970977751507626
banana_ripe,banana,ripe,214.5401,215.5977,203.9714,1.004929609872795
banana_ripe,banana,ripe,248.4447,243.8616,232.7819,0.981552832555684
banana_ripe,banana,ripe,172.8107,165.9573,141.7091,0.960341570514201
banana_ripe,banana,ripe,247.3378,241.4941,221.3041,0.9763736033215562
banana_ripe,banana,ripe,174.8389,167.575,142.8268,0.9584537482307784
banana_ripe,banana,ripe,249.502,245.5298,233.5518,0.9840794823926081
banana_ripe,banana,ripe,250.5533,244.2528,229.5299,0.9748536500024001
banana_ripe,banana,ripe,208.4601,209.8242,195.7198,1.0065436934619925
banana_ripe,banana,ripe,164.3626,169.7252,160.4982,1.032626637491579
banana_ripe,banana,ripe,174.0756,179.4445,169.9309,1.03084234073677
banana_ripe,banana,ripe,250.3601,241.8758,221.6958,0.9661116089739875
banana_ripe,banana,ripe,248.5437,245.7229,234.2191,0.9886506840098918
banana_ripe,banana,ripe,109.2273,101.2951,77.1696,0.9273789526301671
banana_ripe,banana,ripe,251.332,249.4734,240.3804,0.9926049966076544
banana_ripe,banana,ripe,251.1763,243.2527,219.3788,0.9684540262419105
banana_ripe,banana,ripe,251.278,242.5052,221.4025,0.9650872700153326
banana_ripe,banana,ripe,176.0561,168.2069,144.2182,0.955416478296313
banana_ripe,banana,ripe,105.4464,88.3803,49.9578,0.838153783930473
banana_ripe,banana,ripe,161.1865,138.6067,94.7572,0.8599150619939321
banana_ripe,banana,ripe,250.4628,248.1479,239.1096,0.9907575057423398
banana_ripe,banana,ripe,172.1883,167.7357,150.4143,0.974141094521863
banana_ripe,banana,ripe,251.5245,249.6273,240.871,0.9924571920729106
banana_ripe,banana,ripe,160.3703,166.2885,150.8344,1.0369033353625745
banana_ripe,banana,ripe,162.9427,166.9616,157.5521,1.0246644923358672
banana_ripe,banana,ripe,167.4301,159.935,143.866,0.9552344473590205
banana_ripe,banana,ripe,109.2328,99.3341,75.577,0.9093797750366212
banana_ripe,banana,ripe,212.3757,213.8899,201.5484,1.0071298128405002
banana_ripe,banana,ripe,246.5644,241.7798,229.352,0.9805949237578704
banana_ripe,banana,ripe,169.8218,165.8631,148.5059,0.9766890883462013
banana_ripe,banana,ripe,164.7807,173.66,173.3094,1.053885551803788
banana_ripe,banana,ripe,160.6416,160.1195,108.8015,0.9967499016646378
banana_ripe,banana,ripe,213.2837,214.4859,202.5291,1.0056366191807595
banana_ripe,banana,ripe,168.6244,162.0192,138.9592,0.9608289134856586
banana_ripe,banana,ripe,176.4085,169.4313,144.2982,0.9604486123942518
banana_ripe,banana,ripe,172.6447,176.2454,154.3823,1.0208561223086714
banana_ripe,banana,ripe,172.7842,166.81,145.7164,0.9654239162757711
banana_ripe,banana,ripe,246.1817,242.4037,232.3747,0.9846536075400665
banana_ripe,banana,ripe,245.0246,241.3317,222.1656,0.9849284480622418
banana_ripe,banana,ripe,178.001,169.9867,146.2734,0.9549760902749082
banana_ripe,banana,ripe,178.1068,183.0988,159.6433,1.0280281211720828
banana_ripe,banana,ripe,168.8332,170.255,135.1532,1.0084213234812742
banana_ripe,banana,ripe,242.5334,208.017,95.0763,0.8576839278314495
banana_ripe,banana,ripe,170.755,163.8383,145.0765,0.9594934206348663
banana_ripe,banana,ripe,248.1674,237.0086,204.3056,0.9550351861081062
banana_ripe,banana,ripe,245.0046,240.8225,228.7158,0.9829305205578567
banana_ripe,banana,ripe,242.0876,228.7775,197.4817,0.9450194849095143
banana_ripe,banana,ripe,151.3315,147.7392,123.2772,0.9762620407762955
banana_ripe,banana,ripe,241.1525,206.7387,87.2698,0.8572944470519922
banana_ripe,banana,ripe,172.284,165.8557,149.8432,0.9626877657664801
banana_ripe,banana,ripe,174.1406,168.1964,147.1692,0.9658655077226936
banana_ripe,banana,ripe,246.9424,237.6599,221.0426,0.9624102585768574
banana_ripe,banana,ripe,163.6784,166.2284,121.1978,1.0155793249715335
banana_ripe,banana,ripe,212.6525,214.6912,206.7461,1.0095869975213694
banana_ripe,banana,ripe,167.9895,171.7671,151.654,1.0224871136440843
banana_ripe,banana,ripe,165.3801,168.8288,160.2269,1.0208531678185395
banana_ripe,banana,ripe,252.1333,246.5007,229.1303,0.9776602258501348
banana_rotten,banana,rotten,163.2154,157.2738,147.914,0.9635965664784294
banana_rotten,banana,rotten,165.5773,157.8042,144.6251,0.9530545494276417
banana_rotten,banana,rotten,169.7945,163.1973,149.3101,0.9611459678544008
banana_rotten,banana,rotten,126.5379,103.4342,56.814,0.8174167516813797
banana_rotten,banana,rotten,170.1566,164.8635,154.2634,0.9688927671986113
banana_rotten,banana,rotten,241.8918,241.1816,239.4081,0.9970639724163285
banana_rotten,banana,rotten,177.7832,165.2095,141.5838,0.9292750893826015
banana_rotten,banana,rotten,168.9503,163.1644,147.6478,0.9657538283995126
banana_rotten,banana,rotten,204.5781,201.3505,195.029,0.9842231353980552
banana_rotten,banana,rotten,140.0249,127.8526,114.3723,0.9130704545186573
banana_rotten,banana,rotten,174.1142,168.7119,158.7443,0.9689726572044517
banana_rotten,banana,rotten,181.7288,183.2913,174.2323,1.0085979712153605
banana_rotten,banana,rotten,217.0909,211.4091,206.6081,0.9738275488570568
banana_rotten,banana,rotten,243.2824,236.0716,221.2019,0.9703603673329416
banana_rotten,banana,rotten,163.4795,166.4842,148.0265,1.018379668286362
banana_rotten,banana,rotten,221.0178,212.0175,200.0858,0.9592779361694944
banana_rotten,banana,rotten,119.3832,78.2669,90.5188,0.6555939139209377
banana_rotten,banana,rotten,173.4437,168.795,159.8186,0.9731976371975595
banana_rotten,banana,rotten,176.8896,168.826,153.7658,0.9544144994707744
banana_rotten,banana,rotten,186.7139,180.7871,166.5674,0.9682573125607826
banana_rotten,banana,rotten,216.7975,206.8784,195.2399,0.9542471617327359
banana_rotten,banana,rotten,189.1471,183.058,177.0437,0.9678075901358911
banana_rotten,banana,rotten,220.5479,215.3749,204.1315,0.9765447733732909
banana_rotten,banana,rotten,187.3319,180.0166,163.8464,0.9609500519615184
banana_rotten,banana,rotten,171.379,166.9162,158.0111,0.9739594642636528
banana_rotten,banana,rotten,161.7283,158.7153,150.9117,0.9813699829815192
banana_rotten,banana,rotten,170.1816,164.6843,155.9369,0.9676974422164474
banana_rotten,banana,rotten,173.2296,165.6594,150.5659,0.9562996107114511
banana_rotten,banana,rotten,170.202,164.9055,155.1773,0.9688810885366735
banana_rotten,banana,rotten,224.218,217.7302,209.1594,0.9710647629937617
banana_rotten,banana,rotten,171.7531,166.1044,155.7244,0.9671115050202209
banana_rotten,banana,rotten,183.974,179.857,167.5655,0.9776218325544815
banana_rotten,banana,rotten,227.9687,218.0786,208.7786,0.9566164084954802
banana_rotten,banana,rotten,174.9456,169.4812,157.5897,0.9687651420283496
banana_rotten,banana,rotten,166.4733,159.9543,151.425,0.9608405614543559
banana_rotten,banana,rotten,169.7667,165.2719,157.6224,0.9735236593894818
banana_rotten,banana,rotten,123.4531,94.2767,133.4261,0.763664089733963
banana_rotten,banana,rotten,239.2092,239.0144,238.5313,0.999185645873212
banana_rotten,banana,rotten,171.4692,167.8617,159.607,0.9789612304777697
banana_rotten,banana,rotten,120.2241,102.8523,75.6363,0.8555048375866
banana_rotten,banana,rotten,178.9576,174.087,160.4794,0.9727834918842032
banana_rotten,banana,rotten,162.0731,156.2373,147.7072,0.963992784959424
banana_rotten,banana,rotten,172.3705,166.1621,155.0553,0.9639822303469433
banana_rotten,banana,rotten,169.8739,165.7878,157.4338,0.9759462696980157
banana_rotten,banana,rotten,172.9762,166.5427,152.0988,0.9628070164403715
banana_rotten,banana,rotten,208.7484,201.9026,183.6487,0.967205492510575
banana_rotten,banana,rotten,188.0231,187.5199,182.274,0.9973237277902358
banana_rotten,banana,rotten,172.8382,166.1622,152.7176,0.961374273966205
banana_rotten,banana,rotten,237.2415,235.7694,233.5297,0.993794926293271
banana_rotten,banana,rotten,176.6967,169.8897,167.0331,0.9614763548981031
banana_rotten,banana,rotten,190.4854,191.0661,183.0908,1.0030485223379402
banana_rotten,banana,rotten,240.3078,240.1049,239.6153,0.9991556620336266
banana_rotten,banana,rotten,215.5277,211.0561,200.8148,0.9792527782774427
banana_rotten,banana,rotten,190.4269,191.7255,181.9082,1.0068194094068674
banana_rotten,banana,rotten,170.7256,168.1662,159.9615,0.9850086865413935
banana_rotten,banana,rotten,154.0569,157.1685,146.3508,1.0201977255144188
banana_rotten,banana,rotten,192.4659,189.6407,184.9536,0.9853210309705718
banana_rotten,banana,rotten,192.0868,182.6387,156.799,0.9508133773335108
banana_rotten,banana,rotten,177.38,171.4409,159.9771,0.9665176402834725
banana_rotten,banana,rotten,175.9038,170.801,154.6468,0.9709909565854122
banana_rotten,banana,rotten,218.2367,212.7798,210.309,0.9749954935398331
banana_rotten,banana,rotten,169.3741,148.5804,98.0611,0.8772321100024614
banana_rotten,banana,rotten,182.1815,177.7375,166.9881,0.9756067384690174
banana_rotten,banana,rotten,173.9956,168.6249,157.4636,0.9691331219345023
banana_rotten,banana,rotten,125.3414,88.2897,101.2196,0.7043937541435332
banana_rotten,banana,rotten,213.1929,203.8092,195.6441,0.9559849274718579
banana_rotten,banana,rotten,150.3125,134.0127,100.5348,0.8915605761892019
banana_rotten,banana,rotten,173.2793,167.5524,156.2167,0.9669498839910486
banana_rotten,banana,rotten,197.2871,188.2963,191.1417,0.954427831548906
banana_rotten,banana,rotten,164.034,158.7841,141.3541,0.967995043905562
banana_rotten,banana,rotten,178.081,171.2735,160.1253,0.9617730080032514
banana_rotten,banana,rotten,191.8021,194.3108,183.7652,1.0130796221048695
banana_rotten,banana,rotten,233.3342,225.5874,213.0082,0.9667995477439675
banana_rotten,banana,rotten,246.5528,236.8687,220.4183,0.960721999666108
banana_rotten,banana,rotten,75.0056,58.1342,49.7067,0.7750647848285357
banana_rotten,banana,rotten,137.1069,132.8581,125.6028,0.9690110346816169
banana_rotten,banana,rotten,169.635,164.557,154.4311,0.9700651341405657
banana_rotten,banana,rotten,229.2464,223.4785,216.0609,0.9748397315079332
banana_rotten,banana,rotten,178.8127,171.4768,160.7034,0.9589743851584681
banana_rotten,banana,rotten,177.0967,170.4928,158.1847,0.9627101975208447
banana_unripe,banana,unripe,182.2615,169.0806,116.8165,0.9276813757832489
banana_unripe,banana,unripe,210.7088,198.328,179.4393,0.9412421268535432
banana_unripe,banana,unripe,203.2059,192.0568,171.21,0.9451339702974472
banana_unripe,banana,unripe,213.0441,202.2487,183.5805,0.9493278577096111
banana_unripe,banana,unripe,168.3984,174.2006,150.8398,1.0344551905810555
banana_unripe,banana,unripe,212.5189,215.5243,192.1074,1.0141417962631005
banana_unripe,banana,unripe,108.8334,118.2253,44.9862,1.0862961086734761
banana_unripe,banana,unripe,146.7205,155.9432,117.7459,1.0628589661099916
banana_unripe,banana,unripe,114.0432,111.3277,90.2763,0.9761888391750771
banana_unripe,banana,unripe,205.4964,194.0455,172.1289,0.9442768781142791
banana_unripe,banana,unripe,209.0895,197.797,179.3051,0.9459920228132355
banana_unripe,banana,unripe,158.4843,160.8724,114.9747,1.0150683631434259
banana_unripe,banana,unripe,160.5117,153.3567,91.7164,0.9554238042745556
banana_unripe,banana,unripe,140.0099,153.0069,102.3095,1.0928291421333125
banana_unripe,banana,unripe,215.9121,204.0311,186.9629,0.944972973052585
banana_unripe,banana,unripe,154.6529,162.5137,119.3294,1.0508286553253858
banana_unripe,banana,unripe,208.3062,196.4415,175.2707,0.943042017265727
banana_unripe,banana,unripe,107.4783,108.3808,75.5039,1.0083970344860587
banana_unripe,banana,unripe,153.8499,162.3342,125.8107,1.0551466003218295
banana_unripe,banana,unripe,115.9816,145.0182,75.039,1.2503552179797899
banana_unripe,banana,unripe,169.9921,179.7532,161.7836,1.0574208974568766
banana_unripe,banana,unripe,209.5559,196.9078,179.5687,0.9396433078732533
banana_unripe,banana,unripe,220.1899,232.6519,184.7992,1.0565965965895958
banana_unripe,banana,unripe,212.9308,201.8,181.5152,0.9477257355548107
banana_unripe,banana,unripe,83.2593,120.637,47.7444,1.4489312131025458
banana_unripe,banana,unripe,166.6973,172.7054,140.3304,1.0360419692697964
banana_unripe,banana,unripe,159.1158,168.7802,126.1041,1.0607381475583308
banana_unripe,banana,unripe,217.9686,205.8649,190.8438,0.9444704377397917
banana_unripe,banana,unripe,207.942,196.2784,186.4942,0.9439093548012939
banana_unripe,banana,unripe,210.7969,198.0281,180.1635,0.9394260497216702
banana_unripe,banana,unripe,213.1127,202.4835,182.6165,0.9501240378911063
banana_unripe,banana,unripe,209.0745,197.0721,175.7611,0.9425927076587881
banana_unripe,banana,unripe,211.0227,201.5979,178.7551,0.9553375018169254
banana_unripe,banana,unripe,164.895,172.8924,157.9271,1.048499948157919
banana_unripe,banana,unripe,131.4305,139.2496,114.8168,1.0594922711281454
banana_unripe,banana,unripe,214.0194,203.1334,183.759,0.9491354477718588
banana_unripe,banana,unripe,219.3335,226.1113,209.4312,1.030901795526439
banana_unripe,banana,unripe,210.5737,200.2893,176.0823,0.9511600881251548
banana_unripe,banana,unripe,213.7134,203.1294,184.733,0.9504757261338048
banana_unripe,banana,unripe,131.3379,135.5154,104.4089,1.0318072617895728
banana_unripe,banana,unripe,163.684,171.1233,163.1075,1.0454491517469688
banana_unripe,banana,unripe,200.8697,218.6801,154.7102,1.0886664285919359
banana_unripe,banana,unripe,214.2113,201.8629,188.8686,0.9423541104397662
banana_unripe,banana,unripe,166.8907,187.9521,93.7627,1.1261987568738177
banana_unripe,banana,unripe,211.4103,201.1175,179.7194,0.9513136259145669
banana_unripe,banana,unripe,202.6208,216.1488,188.4551,1.0667651047337434
banana_unripe,banana,unripe,157.518,166.8874,153.4798,1.0594814493614606
banana_unripe,banana,unripe,214.13,200.5491,186.3252,0.936576374461419
banana_unripe,banana,unripe,179.6886,185.0833,161.162,1.0300224887387264
banana_unripe,banana,unripe,188.3284,193.8674,186.2642,1.0294113844252308
banana_unripe,banana,unripe,169.3326,177.4379,141.4853,1.047866145988037
banana_unripe,banana,unripe,208.6333,197.3484,177.8513,0.9459103558928016
banana_unripe,banana,unripe,207.1879,195.3688,176.1867,0.9429546757172852
banana_unripe,banana,unripe,208.1182,218.6762,162.0256,1.0507307815907942
banana_unripe,banana,unripe,175.3288,181.3115,155.4443,1.034122739480777
banana_unripe,banana,unripe,216.2522,204.4654,187.767,0.9454951166023046
banana_unripe,banana,unripe,212.0869,199.4076,182.1157,0.9402164822993948
banana_unripe,banana,unripe,215.5294,218.8295,211.846,1.015311595469984
banana_unripe,banana,unripe,164.6981,174.7694,135.9896,1.061150061469136
banana_unripe,banana,unripe,209.9587,199.109,177.1529,0.9483245945591939
banana_unripe,banana,unripe,93.5964,112.0731,51.3828,1.1974082208566972
banana_unripe,banana,unripe,211.1929,199.7416,177.3692,0.9457780022634378
banana_unripe,banana,unripe,146.5861,110.9144,51.1774,0.7566501819978144
banana_unripe,banana,unripe,212.8234,203.3649,192.4304,0.955557044218084
banana_unripe,banana,unripe,212.7004,202.2059,182.7705,0.9506606430892437
banana_unripe,banana,unripe,209.2053,198.3785,175.0293,0.9482479605045955
banana_unripe,banana,unripe,196.584,204.904,194.597,1.0423228693976982
banana_unripe,banana,unripe,210.3839,198.9659,177.6445,0.9457277817089246
banana_unripe,banana,unripe,167.9961,173.0559,144.6586,1.0301185501918286
banana_unripe,banana,unripe,162.3604,169.8099,161.5836,1.0458824870726946
banana_unripe,banana,unripe,209.4849,199.366,176.5311,0.9516962752365623
banana_unripe,banana,unripe,228.8834,234.5091,204.7368,1.0245788859105602
banana_unripe,banana,unripe,209.5744,202.3247,189.2504,0.9654075069979564
banana_unripe,banana,unripe,187.2872,213.4327,155.6854,1.1396010985288845
banana_unripe,banana,unripe,194.1381,200.5521,162.8556,1.0330383318213254
banana_unripe,banana,unripe,214.1497,201.9543,184.1256,0.943051982127213
banana_unripe,banana,unripe,216.6792,219.5396,214.5061,1.0132010778459535
banana_unripe,banana,unripe,158.5626,166.6971,152.7488,1.0513014982643984
banana_unripe,banana,unripe,210.8887,201.2338,178.2362,0.9542180261236471
banana_unripe,banana,unripe,164.5471,172.2618,161.3215,1.0468844419203716
mango_ripe,mango,ripe,160.6842,125.7068,81.592,0.7823220902719614
mango_ripe,mango,ripe,102.1834,96.4136,91.2823,0.943534850635868
mango_ripe,mango,ripe,169.516,169.0686,145.354,0.997360715228293
mango_ripe,mango,ripe,149.7274,146.0974,136.6548,0.9757559339455842
mango_ripe,mango,ripe,244.4759,237.1196,210.1303,0.9699099135337679
mango_ripe,mango,ripe,121.6859,110.182,107.3797,0.9054623345394797
mango_ripe,mango,ripe,115.4523,105.4859,100.3543,0.9136751635638688
mango_ripe,mango,ripe,96.9088,89.851,82.0595,0.9271706911325835
mango_ripe,mango,ripe,176.4391,163.6107,127.3336,0.927292754682535
mango_ripe,mango,ripe,179.4062,98.2265,70.0918,0.5475089459143053
mango_ripe,mango,ripe,169.4618,160.5132,133.2544,0.9471939932940994
mango_ripe,mango,ripe,246.7511,242.1147,224.075,0.981210211499725
mango_ripe,mango,ripe,120.308,114.3525,110.1851,0.9504978808516651
mango_ripe,mango,ripe,94.655,87.7835,78.1959,0.9274047760033303
mango_ripe,mango,ripe,165.3814,90.2076,74.0327,0.5454519036273008
mango_ripe,mango,ripe,181.0868,176.7709,151.5215,0.9761666726886407
mango_ripe,mango,ripe,179.5907,173.2178,147.403,0.964514304111993
mango_ripe,mango,ripe,115.975,110.9319,107.0554,0.956515620120581
mango_ripe,mango,ripe,179.9687,171.8626,142.532,0.9549582735500212
mango_ripe,mango,ripe,246.0324,243.171,234.8016,0.9883698204449096
mango_ripe,mango,ripe,198.8988,192.3167,165.895,0.9669072866859565
mango_ripe,mango,ripe,183.2434,174.5247,144.2468,0.9524201092513012
mango_ripe,mango,ripe,114.0589,104.5683,88.515,0.9167921055104677
mango_ripe,mango,ripe,245.4014,239.2042,222.552,0.9747466763647368
mango_ripe,mango,ripe,136.381,127.9724,119.2787,0.9383447772171726
mango_ripe,mango,ripe,233.6606,235.259,214.6083,1.0068406868473303
mango_ripe,mango,ripe,239.27,204.1448,143.9302,0.8531984751402245
mango_ripe,mango,ripe,174.4775,166.3091,144.2269,0.953183642858342
mango_ripe,mango,ripe,227.6871,227.3617,208.6371,0.9985708413055864
mango_ripe,mango,ripe,199.0151,182.3983,104.5992,0.9165048234204097
mango_ripe,mango,ripe,155.6158,163.0072,155.7738,1.047497740926707
mango_ripe,mango,ripe,188.8399,185.3174,162.1952,0.9813466275858723
mango_ripe,mango,ripe,174.6678,168.8139,138.237,0.9664855172705815
mango_ripe,mango,ripe,170.1662,95.922,79.128,0.5636959598104914
mango_ripe,mango,ripe,147.4215,148.4477,142.5104,1.0069609859690682
mango_ripe,mango,ripe,171.9503,91.3705,68.5511,0.5313773774667601
mango_ripe,mango,ripe,169.2172,98.7153,81.014,0.58336445359358
mango_ripe,mango,ripe,245.5168,242.4798,231.214,0.9876301703686666
mango_ripe,mango,ripe,164.184,155.8228,121.9597,0.9490742036430213
mango_ripe,mango,ripe,128.227,120.7538,111.8096,0.9417189753973891
mango_ripe,mango,ripe,144.6598,139.9913,130.6178,0.967727724165748
mango_ripe,mango,ripe,52.7557,51.5994,51.3995,0.9780819707049293
mango_ripe,mango,ripe,243.5102,235.8475,217.9845,0.9685323203359353
mango_ripe,mango,ripe,185.8046,180.7461,140.0542,0.9727751574892379
mango_ripe,mango,ripe,147.4085,141.9289,134.8937,0.9628271031668655
mango_ripe,mango,ripe,169.9646,94.0976,75.2289,0.5536305762868823
mango_ripe,mango,ripe,171.1474,95.9068,84.0723,0.5603754391806394
mango_ripe,mango,ripe,140.3706,94.3037,19.021,0.6718194502850352
mango_ripe,mango,ripe,233.0167,226.1752,188.7146,0.9706394392734966
mango_ripe,mango,ripe,112.854,104.6962,98.3599,0.9277136749453837
mango_ripe,mango,ripe,175.2516,169.9726,142.5123,0.9698775875947633
mango_ripe,mango,ripe,242.4263,226.3263,187.5094,0.9335880598202916
mango_ripe,mango,ripe,134.2291,120.9411,109.7506,0.9010050659580892
mango_ripe,mango,ripe,168.9576,160.6066,130.6012,0.950573392670271
mango_ripe,mango,ripe,231.5662,225.2294,205.8081,0.97263503493759
mango_ripe,mango,ripe,123.2991,103.6974,92.3181,0.8410231636644294
mango_ripe,mango,ripe,121.8195,119.5435,111.3327,0.9813166120258529
mango_ripe,mango,ripe,60.8633,57.875,53.8323,0.950901430732454
mango_ripe,mango,ripe,170.2682,90.0134,67.4101,0.5286565516716771
mango_ripe,mango,ripe,240.7374,236.5056,208.9653,0.9824215058299146
mango_ripe,mango,ripe,172.7685,165.7103,137.2862,0.9591464823787527
mango_ripe,mango,ripe,172.3862,171.9809,146.9911,0.997648877940062
mango_ripe,mango,ripe,121.7918,112.4976,108.9382,0.9236877940576641
mango_ripe,mango,ripe,181.0433,173.6951,144.9624,0.95941191439058
mango_ripe,mango,ripe,105.8087,100.2837,95.1434,0.9477831128462677
mango_ripe,mango,ripe,112.0562,104.9864,97.4327,0.936908435794642
mango_ripe,mango,ripe,230.88,230.0024,208.6872,0.9961988868841004
mango_ripe,mango,ripe,120.2891,108.911,102.3549,0.9054103746273737
mango_ripe,mango,ripe,179.1177,173.324,143.0535,0.9676542241908297
mango_ripe,mango,ripe,138.2471,140.4146,133.9435,1.0156784408810136
mango_ripe,mango,ripe,172.7409,89.9581,36.0449,0.5207689636862551
mango_ripe,mango,ripe,179.1308,170.4498,139.5217,0.9515382002897426
mango_ripe,mango,ripe,88.1603,82.3517,74.7514,0.9341131900173525
mango_ripe,mango,ripe,245.1762,238.6798,220.7275,0.9735031337727597
mango_ripe,mango,ripe,178.4628,170.5353,139.8722,0.9555789724492783
mango_ripe,mango,ripe,224.0805,186.4586,110.7841,0.8321054226846806
mango_ripe,mango,ripe,175.0165,172.0678,145.1603,0.9831518686343752
mango_ripe,mango,ripe,175.3143,177.3161,158.3266,1.0114183440174684
mango_ripe,mango,ripe,181.9555,170.3495,140.4705,0.9362151683449241
mango_ripe,mango,ripe,171.1474,95.9068,84.0723,0.5603754391806394
mango_rotten,mango,rotten,121.3294,112.4334,102.9692,0.9266789341521598
mango_rotten,mango,rotten,157.8514,93.4088,72.9668,0.5917514789748366
mango_rotten,mango,rotten,143.6802,138.0796,129.1445,0.9610203705101998
mango_rotten,mango,rotten,133.6243,130.1819,124.5749,0.9742382113564808
mango_rotten,mango,rotten,128.6821,94.3035,52.1573,0.7328408478503161
mango_rotten,mango,rotten,158.1281,121.4279,75.2314,0.7679084187572708
mango_rotten,mango,rotten,195.3226,152.8686,82.204,0.7826467557638145
mango_rotten,mango,rotten,134.7883,111.4134,94.222,0.8265806392203133
mango_rotten,mango,rotten,134.0134,132.7872,127.0358,0.9908501613208072
mango_rotten,mango,rotten,143.2803,147.7165,145.7464,1.030961681187423
mango_rotten,mango,rotten,166.6272,144.1483,74.0839,0.8650946492223681
mango_rotten,mango,rotten,151.8583,150.848,150.6808,0.9933470808421596
mango_rotten,mango,rotten,92.6362,102.4126,73.0465,1.105535405105829
mango_rotten,mango,rotten,137.9637,138.7785,124.9499,1.0059058940438255
mango_rotten,mango,rotten,172.077,143.292,98.0791,0.8327202308692025
mango_rotten,mango,rotten,155.3478,117.0144,61.9654,0.7532414314638415
mango_rotten,mango,rotten,131.7112,103.628,71.6603,0.7867819837129874
mango_rotten,mango,rotten,130.2429,118.5941,106.9522,0.9105609525696914
mango_rotten,mango,rotten,91.4813,100.0822,67.91,1.0940181097774286
mango_rotten,mango,rotten,168.7135,150.7716,124.5834,0.8936546222225571
mango_rotten,mango,rotten,166.2484,90.3944,82.6379,0.5437309439144621
mango_rotten,mango,rotten,228.0366,225.1019,211.8606,0.987130570324542
mango_rotten,mango,rotten,107.0688,120.4153,75.1725,1.1246534833242412
mango_rotten,mango,rotten,119.0416,112.7823,102.792,0.9474192135571161
mango_rotten,mango,rotten,100.4349,95.0645,87.0974,0.9465285379232863
mango_rotten,mango,rotten,130.1345,120.1499,110.9091,0.9232747586283825
mango_rotten,mango,rotten,97.5703,78.2896,64.0911,0.8023917031884528
mango_rotten,mango,rotten,126.6474,108.3953,86.095,0.8558825459039622
mango_rotten,mango,rotten,145.2247,146.7218,143.6937,1.0103088454628666
mango_rotten,mango,rotten,129.8789,119.1909,106.1005,0.9177079501157775
mango_rotten,mango,rotten,140.1172,141.0595,137.1534,1.006725077244442
mango_rotten,mango,rotten,122.734,122.3283,118.3519,0.9966944693671317
mango_rotten,mango,rotten,123.6069,81.0759,49.1943,0.6559172614480482
mango_rotten,mango,rotten,106.1665,72.8914,51.35,0.6865762675931084
mango_rotten,mango,rotten,161.7503,153.6179,86.2046,0.9497224985071279
mango_rotten,mango,rotten,74.3505,89.201,49.0933,1.1997363676137165
mango_rotten,mango,rotten,127.2794,103.0726,82.8552,0.8098136791200015
mango_rotten,mango,rotten,153.2688,96.5523,81.2667,0.629954037416917
mango_rotten,mango,rotten,133.156,132.6165,127.6848,0.9959483538409959
mango_rotten,mango,rotten,118.7611,122.8547,94.9731,1.0344691903790957
mango_rotten,mango,rotten,127.6956,116.7597,98.9249,0.9143596105554176
mango_rotten,mango,rotten,114.4059,96.2304,63.4965,0.8411314377918321
mango_rotten,mango,rotten,100.6386,102.6363,58.8778,1.0198502262566231
mango_rotten,mango,rotten,104.6874,98.9523,91.3158,0.9452168938648119
mango_rotten,mango,rotten,139.6566,139.8534,138.8849,1.0014091636098175
mango_rotten,mango,rotten,109.8553,112.0035,58.6924,1.0195548050976622
mango_rotten,mango,rotten,141.6395,142.3472,129.0998,1.004996480466279
mango_rotten,mango,rotten,172.2679,146.632,87.4585,0.8511858515069503
mango_rotten,mango,rotten,116.9283,88.9427,33.3466,0.7606601587412102
mango_rotten,mango,rotten,102.6347,99.8017,95.1099,0.972397240188774
mango_rotten,mango,rotten,104.9501,95.9063,87.0162,0.9138276103231192
mango_rotten,mango,rotten,96.8869,92.7788,86.8822,0.9575990050502287
mango_rotten,mango,rotten,137.9637,138.7785,124.9499,1.0059058940438255
mango_rotten,mango,rotten,121.8155,117.9402,109.1853,0.9681871275150772
mango_rotten,mango,rotten,218.4839,216.0587,206.2756,0.9888998640682454
mango_rotten,mango,rotten,145.9767,128.0316,68.583,0.8770687316738306
mango_rotten,mango,rotten,139.7884,115.7823,57.6383,0.828268291015075
mango_rotten,mango,rotten,82.4439,77.4992,73.2954,0.9400234469739612
mango_rotten,mango,rotten,126.8678,120.0253,112.3904,0.9460658973666612
mango_rotten,mango,rotten,128.8535,99.68,45.4067,0.773591708617991
mango_rotten,mango,rotten,89.3182,78.624,56.7886,0.8802685132451334
mango_rotten,mango,rotten,131.3179,107.1374,74.3298,0.8158628731051678
mango_rotten,mango,rotten,148.7008,145.608,140.8287,0.979201181303657
mango_rotten,mango,rotten,131.5775,130.5336,118.2969,0.9920662651892136
mango_rotten,mango,rotten,156.4256,111.9254,69.7404,0.7155184271914672
mango_rotten,mango,rotten,89.4312,78.6985,67.9252,0.879989300378511
mango_rotten,mango,rotten,223.6375,218.9433,208.1428,0.9790097770766988
mango_rotten,mango,rotten,136.8919,135.8966,135.4274,0.9927292922902723
mango_rotten,mango,rotten,159.7678,91.5558,75.8896,0.5730553930575787
mango_rotten,mango,rotten,113.5136,78.605,58.284,0.6924720853494905
mango_rotten,mango,rotten,157.2395,104.8876,95.7165,0.6670563015841675
mango_rotten,mango,rotten,132.2673,135.0271,137.7283,1.0208653157593348
mango_rotten,mango,rotten,133.6533,127.214,118.0055,0.9518208607507569
mango_rotten,mango,rotten,141.3462,140.5244,129.0622,0.9941858996266904
mango_rotten,mango,rotten,133.6243,130.1819,124.5749,0.9742382113564808
mango_rotten,mango,rotten,131.9553,100.1201,48.8043,0.758742538126604
mango_rotten,mango,rotten,131.2917,134.155,122.3703,1.0218086823324806
mango_rotten,mango,rotten,96.2695,82.9358,51.7666,0.8614961035271181
mango_rotten,mango,rotten,89.5435,78.4041,65.6272,0.875597883982669
mango_rotten,mango,rotten,120.9944,118.4415,114.577,0.9789006683044781
mango_unripe,mango,unripe,232.0836,238.7169,223.843,1.028581506713178
mango_unripe,mango,unripe,213.1874,217.497,195.6765,1.0202150735915205
mango_unripe,mango,unripe,226.5855,236.0456,222.7304,1.0417506811258854
mango_unripe,mango,unripe,133.4541,140.1311,105.9592,1.050032175481816
mango_unripe,mango,unripe,232.0546,234.9007,222.0467,1.0122647815976724
mango_unripe,mango,unripe,223.1225,232.4945,218.2832,1.042003827305611
mango_unripe,mango,unripe,112.2947,129.108,46.6584,1.1497247764166538
mango_unripe,mango,unripe,226.8299,236.8705,222.5756,1.0442648828736207
mango_unripe,mango,unripe,223.936,233.9046,217.8291,1.044515392592011
mango_unripe,mango,unripe,232.4136,239.409,229.3157,1.030098922652982
mango_unripe,mango,unripe,152.2398,158.5515,114.0016,1.0414589283389828
mango_unripe,mango,unripe,230.0573,237.8141,223.8059,1.0337168130125982
mango_unripe,mango,unripe,226.9234,236.0712,218.9756,1.0403122770048736
mango_unripe,mango,unripe,110.2039,108.3373,29.7956,0.9830622964971085
mango_unripe,mango,unripe,90.2768,102.8784,28.2404,1.1395884530733429
mango_unripe,mango,unripe,154.3067,150.0814,122.551,0.9726175145174025
mango_unripe,mango,unripe,229.7074,233.8639,218.0534,1.018094754378419
mango_unripe,mango,unripe,236.2308,237.0453,230.698,1.0034478950101007
mango_unripe,mango,unripe,235.7432,241.8155,226.0992,1.025758108714236
mango_unripe,mango,unripe,235.2601,240.6472,225.8912,1.022898481200601
mango_unripe,mango,unripe,224.8925,232.1629,215.3137,1.0323283300584576
mango_unripe,mango,unripe,225.9184,234.5951,224.1029,1.038406340349408
mango_unripe,mango,unripe,224.0037,233.3007,216.236,1.0415037740827326
mango_unripe,mango,unripe,233.2372,235.6065,226.8689,1.0101583237572809
mango_unripe,mango,unripe,228.4121,236.0412,216.5591,1.033400590277833
mango_unripe,mango,unripe,192.1763,177.184,142.9541,0.9219867334214118
mango_unripe,mango,unripe,226.7638,234.0273,219.2558,1.0320311221101819
mango_unripe,mango,unripe,235.4945,243.1976,220.3249,1.0327103136900848
mango_unripe,mango,unripe,239.3192,242.7502,226.8526,1.0143364969700028
mango_unripe,mango,unripe,226.5144,232.7815,213.2967,1.0276675521394334
mango_unripe,mango,unripe,214.3175,220.7538,209.9644,1.0300316071714555
mango_unripe,mango,unripe,230.1109,240.0622,217.9293,1.0432456652716335
mango_unripe,mango,unripe,234.7167,241.4036,224.9899,1.0284892339211942
mango_unripe,mango,unripe,237.2868,243.6524,230.7026,1.0268266038109721
mango_unripe,mango,unripe,227.5654,236.3619,212.0416,1.0386548173023895
mango_unripe,mango,unripe,97.8112,88.8609,43.6505,0.9084941099946212
mango_unripe,mango,unripe,229.3,236.8759,217.7502,1.0330392453857862
mango_unripe,mango,unripe,125.9222,132.0153,104.4091,1.0483878057372902
mango_unripe,mango,unripe,230.719,238.294,219.6054,1.0328321419873001
mango_unripe,mango,unripe,118.0358,136.5987,67.5137,1.1572649894585798
mango_unripe,mango,unripe,229.7269,237.4218,220.1181,1.0334958551501985
mango_unripe,mango,unripe,229.0252,236.2649,218.479,1.0316109273930951
mango_unripe,mango,unripe,234.0901,240.8525,224.8382,1.0288880177808115
mango_unripe,mango,unripe,229.5552,236.1914,214.5968,1.0289089463932468
mango_unripe,mango,unripe,226.7013,232.6857,215.928,1.0263977267602888
mango_unripe,mango,unripe,228.0894,236.7973,220.6314,1.0381775696802324
mango_unripe,mango,unripe,235.2364,240.7755,226.2151,1.0235469467159548
mango_unripe,mango,unripe,231.3204,240.2977,227.7145,1.0388089375653469
mango_unripe,mango,unripe,236.2539,241.0622,228.6152,1.0203522522999524
mango_unripe,mango,unripe,234.1689,241.6765,226.0085,1.0320606150856897
mango_unripe,mango,unripe,227.2465,235.2971,220.5603,1.0354267236880361
mango_unripe,mango,unripe,228.624,235.2498,221.9278,1.0289812048210984
mango_unripe,mango,unripe,215.8516,208.1992,174.0813,0.9645478608240668
mango_unripe,mango,unripe,204.5676,212.2848,184.2615,1.0377244439602145
mango_unripe,mango,unripe,230.4411,235.454,211.3588,1.0217534935315207
mango_unripe,mango,unripe,221.5968,233.9494,208.8815,1.0557435799806514
mango_unripe,mango,unripe,230.2268,237.5927,224.7712,1.0319940987235452
mango_unripe,mango,unripe,232.3908,236.9753,216.076,1.019727540764404
mango_unripe,mango,unripe,214.845,228.1437,198.6122,1.0618990385538456
mango_unripe,mango,unripe,224.2916,232.9678,216.0079,1.0386826745242237
mango_unripe,mango,unripe,151.6679,160.2789,128.8648,1.0567753555183703
mango_unripe,mango,unripe,225.4298,234.7809,218.4572,1.0414812015027242
mango_unripe,mango,unripe,231.2935,235.8578,218.3201,1.0197337970166314
mango_unripe,mango,unripe,232.7648,239.633,229.0475,1.0295070344420332
mango_unripe,mango,unripe,204.8823,222.7763,183.4373,1.0873379443351723
mango_unripe,mango,unripe,232.2737,236.7912,219.3372,1.0194490335347952
mango_unripe,mango,unripe,231.2317,241.8114,218.5883,1.0457536702547545
mango_unripe,mango,unripe,237.7034,244.3483,232.4903,1.0279545810957917
mango_unripe,mango,unripe,225.4287,234.2621,212.7884,1.0391848906586212
mango_unripe,mango,unripe,222.2418,230.7582,217.7588,1.0383204192986177
mango_unripe,mango,unripe,229.9806,235.8023,216.7711,1.0253138698424393
mango_unripe,mango,unripe,233.9725,240.4068,227.024,1.0275002360213263
mango_unripe,mango,unripe,230.2605,235.8029,221.1006,1.0240701248191932
mango_unripe,mango,unripe,234.6812,236.4108,230.2253,1.0073699938155678
mango_unripe,mango,unripe,236.6959,243.1501,227.9006,1.0272678951039376
mango_unripe,mango,unripe,231.4581,239.6781,222.6875,1.0355139827229465
mango_unripe,mango,unripe,231.0601,238.1521,220.7018,1.0306933086643115
mango_unripe,mango,unripe,231.5625,236.0783,223.388,1.01950142609662
mango_unripe,mango,unripe,235.5092,240.3141,224.9894,1.0204021710387443
mango_unripe,mango,unripe,223.1628,230.0204,210.3758,1.0307291312408289
orange_ripe,orange,ripe,149.9487,133.2608,122.2565,0.8887092659775692
orange_ripe,orange,ripe,158.9354,133.632,111.1622,0.8407944306882267
orange_ripe,orange,ripe,113.3276,100.7171,75.6713,0.8887252453177756
orange_ripe,orange,ripe,199.4668,170.9322,154.0085,0.8569456127187801
orange_ripe,orange,ripe,91.5557,70.888,44.7008,0.7742609059374687
orange_ripe,orange,ripe,235.7757,183.2683,135.5762,0.7772993536768236
orange_ripe,orange,ripe,212.0043,181.6524,136.6362,0.8568335601832908
orange_ripe,orange,ripe,75.0898,68.794,59.1721,0.9161563765497261
orange_ripe,orange,ripe,116.6191,114.381,111.3611,0.9808084526393323
orange_ripe,orange,ripe,106.0034,110.554,92.2212,1.0429288018787246
orange_ripe,orange,ripe,187.696,149.5313,123.7936,0.7966674793460303
orange_ripe,orange,ripe,91.5759,85.1248,80.0865,0.9295545997412572
orange_ripe,orange,ripe,82.2398,75.4673,52.6467,0.9176493508295331
orange_ripe,orange,ripe,171.0955,145.4047,120.9303,0.8498452568896011
orange_ripe,orange,ripe,85.7044,80.5615,76.7721,0.939992568176283
orange_ripe,orange,ripe,190.693,160.6648,140.1004,0.8425311844560043
orange_ripe,orange,ripe,99.4393,83.202,46.4625,0.8367114326356738
orange_ripe,orange,ripe,143.7415,133.8032,113.7223,0.9308599052405888
orange_ripe,orange,ripe,223.1926,182.3917,147.8295,0.8171942043903149
orange_ripe,orange,ripe,107.0152,89.4646,59.6193,0.8359989904611776
orange_ripe,orange,ripe,145.7398,132.8437,116.1913,0.9115128406138006
orange_ripe,orange,ripe,142.4637,140.6163,128.2569,0.9870324792418527
orange_ripe,orange,ripe,170.4272,144.5656,124.1873,0.8482542642943481
orange_ripe,orange,ripe,138.6282,127.8283,91.6905,0.9220944878307986
orange_ripe,orange,ripe,126.1401,118.7716,92.27,0.9415847859516143
orange_ripe,orange,ripe,142.7786,130.6872,101.0639,0.9153136330282434
orange_ripe,orange,ripe,155.1541,129.9928,111.0882,0.8378302549669634
orange_ripe,orange,ripe,131.3691,127.4815,101.3961,0.9704070365831308
orange_ripe,orange,ripe,240.5155,162.5976,113.5732,0.6760379240587907
orange_ripe,orange,ripe,98.8293,73.5781,53.2756,0.7444968167891829
orange_ripe,orange,ripe,158.676,134.8561,114.3013,0.849883404863474
orange_ripe,orange,ripe,165.8626,140.926,117.3905,0.8496550708257614
orange_ripe,orange,ripe,164.7327,147.202,137.6497,0.8935809290227081
orange_ripe,orange,ripe,159.5356,142.3319,127.6656,0.8921638750713704
orange_ripe,orange,ripe,177.82,153.7188,130.2402,0.8644629351902883
orange_ripe,orange,ripe,112.5784,109.9596,86.3067,0.9767379801388367
orange_ripe,orange,ripe,113.0297,124.7567,122.214,1.103751482099382
orange_ripe,orange,ripe,120.7997,114.762,87.581,0.9500189077454753
orange_ripe,orange,ripe,159.0101,144.0468,130.0205,0.9058971668724366
orange_ripe,orange,ripe,168.2025,141.3573,130.9102,0.840399513441242
orange_ripe,orange,ripe,170.7453,143.136,117.1455,0.8383012543343726
orange_ripe,orange,ripe,153.3615,136.724,119.1146,0.891514487720096
orange_ripe,orange,ripe,119.5595,118.6457,96.8145,0.9923569353137398
orange_ripe,orange,ripe,83.186,88.5454,78.5654,1.064426693621202
orange_ripe,orange,ripe,154.0095,132.0591,109.9442,0.8574737217024033
orange_ripe,orange,ripe,91.4755,82.7045,75.2411,0.9041163928689497
orange_ripe,orange,ripe,137.0733,132.1359,121.5254,0.9639798490006454
orange_ripe,orange,ripe,184.2269,149.0089,151.2548,0.8088335590034161
orange_ripe,orange,ripe,101.6062,91.0853,66.6614,0.8964541445654484
orange_ripe,orange,ripe,131.016,130.2008,108.095,0.9937778516076063
orange_ripe,orange,ripe,155.2579,134.765,115.5432,0.8680073550652986
orange_ripe,orange,ripe,195.6693,169.6843,146.234,0.8671993978248025
orange_ripe,orange,ripe,157.3609,141.0664,124.2417,0.8964513999573502
orange_ripe,orange,ripe,88.3726,63.399,42.748,0.7174056130813666
orange_ripe,orange,ripe,139.9087,136.4624,111.3289,0.9753675005530928
orange_ripe,orange,ripe,155.8761,129.7672,110.1157,0.8325022191824005
orange_ripe,orange,ripe,157.3176,135.3033,122.2255,0.8600646026886719
orange_ripe,orange,ripe,81.9853,73.5628,46.8267,0.8972681578616147
orange_ripe,orange,ripe,189.2087,168.7334,142.8512,0.8917845696747319
orange_ripe,orange,ripe,118.2046,106.1701,79.9145,0.8981892337676434
orange_ripe,orange,ripe,244.1964,186.9646,123.4151,0.7656320864450413
orange_ripe,orange,ripe,150.2231,124.8162,107.0689,0.8308722105263957
orange_ripe,orange,ripe,125.8851,123.2991,111.13,0.9794574498534183
orange_ripe,orange,ripe,160.4918,140.7806,124.602,0.8771825047935002
orange_ripe,orange,ripe,80.6831,74.4338,50.9044,0.9225451064405669
orange_ripe,orange,ripe,123.9392,127.8858,115.3902,1.0318430243874173
orange_ripe,orange,ripe,85.6711,94.1601,88.0878,1.0990882444711432
orange_ripe,orange,ripe,189.6002,150.3893,145.9069,0.7931916696649494
orange_ripe,orange,ripe,172.7673,147.651,125.1141,0.8546235262423878
orange_ripe,orange,ripe,172.7113,152.2352,127.8616,0.8814431894065808
orange_ripe,orange,ripe,150.8122,126.8094,102.9274,0.8408431092388872
orange_ripe,orange,ripe,194.2334,151.6163,140.637,0.7805881955390361
orange_ripe,orange,ripe,83.4934,75.2447,51.3949,0.9012053539416846
orange_ripe,orange,ripe,151.8273,128.1772,108.888,0.8442302481554355
orange_ripe,orange,ripe,230.0917,173.858,136.7298,0.7556030888745527
orange_ripe,orange,ripe,177.4513,150.8947,131.4066,0.8503442868531012
orange_ripe,orange,ripe,198.5323,154.9639,136.8343,0.7805475442507464
orange_ripe,orange,ripe,141.5599,143.8759,115.9006,1.0163605582063808
orange_ripe,orange,ripe,174.6427,157.4288,134.2433,0.9014336075803134
orange_ripe,orange,ripe,186.051,163.372,140.0699,0.878103311037816
orange_rotten,orange,rotten,160.2072,141.6866,127.3956,0.8843959517150544
orange_rotten,orange,rotten,159.5028,142.2941,127.32,0.8921103523442199
orange_rotten,orange,rotten,199.0784,147.931,135.1508,0.7430791047995208
orange_rotten,orange,rotten,230.5987,155.8942,59.1819,0.6760411022436766
orange_rotten,orange,rotten,173.0752,103.4241,81.7484,0.5975674123296266
orange_rotten,orange,rotten,162.3632,149.0053,138.3016,0.9177282726767625
orange_rotten,orange,rotten,160.6784,143.7964,130.4598,0.8949329785775003
orange_rotten,orange,rotten,168.7263,150.5664,140.9314,0.892370656546308
orange_rotten,orange,rotten,233.7475,228.0834,225.9093,0.9757682928126792
orange_rotten,orange,rotten,152.2581,124.8739,111.2362,0.8201461805963283
orange_rotten,orange,rotten,232.0462,192.1684,152.8754,0.8281471498858971
orange_rotten,orange,rotten,221.2026,197.5698,187.0741,0.8931621920666294
orange_rotten,orange,rotten,166.4857,146.8562,132.0075,0.88209497342958
orange_rotten,orange,rotten,240.1155,196.5595,147.9432,0.8186039601000188
orange_rotten,orange,rotten,160.0043,144.3982,131.1022,0.9024644906264114
orange_rotten,orange,rotten,169.8387,154.4243,142.1355,0.9092409391426045
orange_rotten,orange,rotten,217.1385,173.2502,135.2992,0.7978787695508684
orange_rotten,orange,rotten,167.4227,154.8837,145.785,0.925105729837676
orange_rotten,orange,rotten,170.6466,158.5804,146.6408,0.9292912901324064
orange_rotten,orange,rotten,158.2643,140.9979,113.9181,0.8909014800501346
orange_rotten,orange,rotten,171.3991,155.5735,144.6559,0.9076681213164589
orange_rotten,orange,rotten,89.356,80.8012,56.2555,0.9042615951445724
orange_rotten,orange,rotten,182.5911,166.1259,151.8136,0.9098247345581206
orange_rotten,orange,rotten,89.3277,80.9425,55.3223,0.9061298913312457
orange_rotten,orange,rotten,170.2872,133.5313,94.1306,0.7841534725795392
orange_rotten,orange,rotten,215.4752,181.773,155.5908,0.8435912771233475
orange_rotten,orange,rotten,164.9646,154.5668,143.2119,0.9369695017175231
orange_rotten,orange,rotten,167.141,151.5852,139.5116,0.9069300715747179
orange_rotten,orange,rotten,205.194,147.8593,113.0373,0.7205829570036991
orange_rotten,orange,rotten,172.4954,157.4777,147.7535,0.912938542633957
orange_rotten,orange,rotten,163.3087,117.7819,113.8271,0.7212224411729293
orange_rotten,orange,rotten,180.2491,166.8573,152.4439,0.9257039234830914
orange_rotten,orange,rotten,125.775,123.7743,124.9589,0.98409301543158
orange_rotten,orange,rotten,166.8939,151.6354,141.6787,0.9085736452406371
orange_rotten,orange,rotten,181.6433,163.0464,146.0928,0.8976185694841562
orange_rotten,orange,rotten,168.5856,149.654,138.2183,0.8877033335723613
orange_rotten,orange,rotten,240.1155,196.5595,147.9432,0.8186039601000188
orange_rotten,orange,rotten,225.9142,207.3325,179.2559,0.9177488581162723
orange_rotten,orange,rotten,201.366,183.052,162.1678,0.9090511759231886
orange_rotten,orange,rotten,174.0706,154.9464,139.3801,0.8901353767371666
orange_rotten,orange,rotten,233.863,216.6882,195.527,0.9265604181655054
orange_rotten,orange,rotten,176.3069,145.6757,112.0648,0.8262620417790679
orange_rotten,orange,rotten,62.5189,62.618,65.5786,1.0015851046389956
orange_rotten,orange,rotten,193.7327,162.2634,145.2462,0.8375632981031942
orange_rotten,orange,rotten,179.7496,157.3623,143.2152,0.8754528473195332
orange_rotten,orange,rotten,174.7391,156.2911,143.936,0.8944254554680351
orange_rotten,orange,rotten,157.0881,137.3504,115.5721,0.8743526665969437
orange_rotten,orange,rotten,167.1962,150.9859,139.6371,0.9030462360804477
orange_rotten,orange,rotten,165.692,136.2114,89.0751,0.8220758949009253
orange_rotten,orange,rotten,178.5926,160.9859,150.1394,0.901414163288881
orange_rotten,orange,rotten,170.5212,162.2538,151.8558,0.9515168732596484
orange_rotten,orange,rotten,161.1882,125.9452,90.0724,0.7813549578607184
orange_rotten,orange,rotten,163.2056,135.841,99.3791,0.8323305031669839
orange_rotten,orange,rotten,161.2857,140.3899,131.0358,0.8704423214801914
orange_rotten,orange,rotten,168.5265,154.3539,145.3009,0.9159028347713694
orange_rotten,orange,rotten,161.8423,151.1904,142.2882,0.9341834555355217
orange_rotten,orange,rotten,163.7903,147.7649,136.1234,0.9021590356562078
orange_rotten,orange,rotten,191.2872,171.994,158.2876,0.8991401364067217
orange_rotten,orange,rotten,184.9026,168.0933,152.7711,0.9090910516721179
orange_rotten,orange,rotten,173.8044,158.6792,141.6654,0.9129757306893513
orange_rotten,orange,rotten,171.6658,151.395,127.3243,0.8819170686186937
orange_rotten,orange,rotten,174.2218,159.8719,148.3744,0.9176342976732287
orange_rotten,orange,rotten,171.8626,156.7946,136.9941,0.9123253057248913
orange_rotten,orange,rotten,169.591,160.5681,149.7515,0.9467961097770746
orange_rotten,orange,rotten,88.709,87.9835,79.6031,0.9918215627295814
orange_rotten,orange,rotten,90.0234,89.3948,81.7279,0.9930173600084272
orange_rotten,orange,rotten,165.2957,154.5557,142.7829,0.9350255273729109
orange_rotten,orange,rotten,184.0337,161.4938,138.6914,0.8775229706432953
orange_rotten,orange,rotten,173.2544,164.9577,154.9205,0.9521126104034724
orange_rotten,orange,rotten,167.6204,158.1048,150.4463,0.9432312478479277
orange_rotten,orange,rotten,139.0003,133.1167,129.2692,0.957672026911654
orange_rotten,orange,rotten,156.4427,139.0347,114.3099,0.8887260262784646
orange_rotten,orange,rotten,174.7746,176.6277,170.0828,1.0106027934802724
orange_rotten,orange,rotten,128.46,118.5804,109.7662,0.9230920058921687
orange_rotten,orange,rotten,171.5786,153.3273,141.464,0.8936271720737484
orange_rotten,orange,rotten,165.4895,154.3859,145.8217,0.9329044988781494
orange_rotten,orange,rotten,170.6354,154.6679,141.8813,0.9064232808290468
orange_rotten,orange,rotten,162.849,142.8643,125.8034,0.8772807884771734
orange_rotten,orange,rotten,164.8784,145.8787,130.8499,0.884765373240125
orange_rotten,orange,rotten,90.263,82.0097,56.6968,0.9085638533112808
orange_unripe,orange,unripe,56.0122,78.1039,36.6496,1.3944086932059678
orange_unripe,orange,unripe,38.3293,49.3954,33.1197,1.288711213387377
orange_unripe,orange,unripe,155.1749,159.3092,129.0952,1.0266428331731303
orange_unripe,orange,unripe,143.9229,150.2716,116.7504,1.0441118053894705
orange_unripe,orange,unripe,136.5601,162.4141,22.4881,1.1893232269943912
orange_unripe,orange,unripe,165.2229,158.2106,114.1053,0.9575585408707961
orange_unripe,orange,unripe,152.3314,147.6272,102.8506,0.9691186389075486
orange_unripe,orange,unripe,175.1604,197.3091,117.3341,1.1264480948522149
orange_unripe,orange,unripe,144.7533,145.7844,122.6453,1.0071231467115214
orange_unripe,orange,unripe,138.6973,143.438,107.063,1.0341801820642493
orange_unripe,orange,unripe,145.4493,150.9971,103.1776,1.0381424933764378
orange_unripe,orange,unripe,52.7448,77.5881,37.3561,1.4710094365509125
orange_unripe,orange,unripe,149.2325,147.2564,94.8898,0.9867582397483242
orange_unripe,orange,unripe,93.228,87.658,61.6657,0.9402539908583903
orange_unripe,orange,unripe,154.5463,149.9639,124.0834,0.9703493323984506
orange_unripe,orange,unripe,152.4533,159.077,122.2366,1.0434473963932076
orange_unripe,orange,unripe,158.0682,163.6891,115.8329,1.0355599606020696
orange_unripe,orange,unripe,113.264,103.9831,80.0248,0.9180595695184739
orange_unripe,orange,unripe,129.0554,131.3255,95.7816,1.017590112327031
orange_unripe,orange,unripe,113.4146,107.5279,62.106,0.9480957394542173
orange_unripe,orange,unripe,164.2216,162.3091,150.6087,0.9883541447144947
orange_unripe,orange,unripe,132.8737,138.9049,116.4573,1.0453904644381056
orange_unripe,orange,unripe,79.5013,120.9254,23.3826,1.5210493221991424
orange_unripe,orange,unripe,140.9809,146.7051,110.7924,1.0406026558164783
orange_unripe,orange,unripe,81.808,136.8775,44.0059,1.6731554166688414
orange_unripe,orange,unripe,155.0268,151.4459,111.6288,0.9769014068735121
orange_unripe,orange,unripe,141.1055,139.2075,85.0957,0.9865490644478844
orange_unripe,orange,unripe,148.6353,156.8216,116.9265,1.0550764114912379
orange_unripe,orange,unripe,134.6967,130.2179,94.0275,0.9667489926126698
orange_unripe,orange,unripe,218.5642,220.2379,202.6405,1.0076576996248348
orange_unripe,orange,unripe,112.2349,110.5856,94.885,0.9853049186544924
orange_unripe,orange,unripe,147.6182,143.5399,117.6469,0.9723726412300607
orange_unripe,orange,unripe,165.9354,160.7322,119.8273,0.9686432131501584
orange_unripe,orange,unripe,143.5048,134.417,90.8907,0.9366724950198706
orange_unripe,orange,unripe,150.5614,147.7982,124.2885,0.9816473479813065
orange_unripe,orange,unripe,78.8924,114.1403,47.1293,1.4467844628026976
orange_unripe,orange,unripe,142.1125,149.5704,116.3475,1.0524788385787398
orange_unripe,orange,unripe,138.7842,145.5871,102.6175,1.0490178201191647
orange_unripe,orange,unripe,214.7277,214.8178,203.85,1.000419596538222
orange_unripe,orange,unripe,145.9706,140.6784,104.9218,0.9637447474782954
orange_unripe,orange,unripe,141.1756,140.3283,102.7179,0.9939982476150394
orange_unripe,orange,unripe,144.3295,142.503,88.4989,0.9873449226433617
orange_unripe,orange,unripe,141.3695,146.4268,105.3141,1.0357736213555708
orange_unripe,orange,unripe,132.3094,131.3009,95.1607,0.9923777071592971
orange_unripe,orange,unripe,150.0696,146.1618,103.3832,0.9739600760316541
orange_unripe,orange,unripe,124.5106,128.5424,96.7786,1.032381170499691
orange_unripe,orange,unripe,220.1547,218.9678,179.5645,0.9946087864823746
orange_unripe,orange,unripe,143.1267,134.7051,94.9139,0.9411598189495054
orange_unripe,orange,unripe,153.4266,159.4065,111.2162,1.0389756336973142
orange_unripe,orange,unripe,101.4052,107.9587,75.0108,1.064626852817934
orange_unripe,orange,unripe,132.5793,137.682,100.6052,1.0384879009129788
orange_unripe,orange,unripe,136.206,145.5717,101.6708,1.0687612802023312
orange_unripe,orange,unripe,152.8451,158.2872,114.6963,1.0356053217564363
orange_unripe,orange,unripe,170.0411,171.1074,147.9653,1.0062708309563346
orange_unripe,orange,unripe,159.9045,152.3905,110.8743,0.9530094465571047
orange_unripe,orange,unripe,210.4647,213.7916,192.0174,1.015807396604716
orange_unripe,orange,unripe,144.1369,149.2694,115.7697,1.0356085011152
orange_unripe,orange,unripe,155.2644,150.5009,102.3192,0.9693200697048385
orange_unripe,orange,unripe,148.3493,137.0118,46.2205,0.9235756358568888
orange_unripe,orange,unripe,156.2198,151.9067,123.2127,0.9723908174739002
orange_unripe,orange,unripe,168.9081,161.9716,116.5536,0.9589332840820939
orange_unripe,orange,unripe,143.7359,153.0028,108.5067,1.0644717077329207
orange_unripe,orange,unripe,144.7187,142.111,110.8746,0.9819808982392675
orange_unripe,orange,unripe,158.9251,163.965,113.6734,1.0317124165300988
orange_unripe,orange,unripe,166.4699,171.7653,135.1963,1.0318099486344983
orange_unripe,orange,unripe,150.915,147.018,113.5349,0.9741775106902727
orange_unripe,orange,unripe,151.4955,158.1458,115.8739,1.0438976666376385
orange_unripe,orange,unripe,145.4394,151.4467,112.4818,1.0413044811701335
orange_unripe,orange,unripe,156.9212,155.5859,128.6351,0.9914906271970224
orange_unripe,orange,unripe,143.1255,142.4661,119.2357,0.9953928475680935
orange_unripe,orange,unripe,80.6669,91.9213,55.842,1.139516937684268
orange_unripe,orange,unripe,145.3779,150.2621,104.9459,1.0335965711872535
orange_unripe,orange,unripe,127.0924,122.8946,51.8041,0.9669704800053309
orange_unripe,orange,unripe,167.915,168.7222,150.4728,1.0048071881320477
orange_unripe,orange,unripe,94.3282,103.1581,95.2419,1.0936082624961756
orange_unripe,orange,unripe,140.2577,144.4765,113.1378,1.0300789116741618
orange_unripe,orange,unripe,150.8518,149.8462,93.0709,0.9933338482316165
orange_unripe,orange,unripe,145.1319,144.4932,109.1607,0.9955991687864683
orange_unripe,orange,unripe,152.9052,148.9741,114.3389,0.9742905998338146
orange_unripe,orange,unripe,145.5177,152.3236,115.4524,1.0467702482462942
chili_ripe,chili,ripe,99.7613,65.8835,67.4725,0.6604113953966979
chili_ripe,chili,ripe,245.0621,213.4731,207.1602,0.8710979752842322
chili_ripe,chili,ripe,101.6685,21.6894,26.3108,0.21333451154158356
chili_ripe,chili,ripe,156.8781,57.641,47.4979,0.36742540630320353
chili_ripe,chili,ripe,47.2673,44.8994,52.3525,0.9499040361961857
chili_ripe,chili,ripe,56.207,51.4342,60.393,0.9150852933783106
chili_ripe,chili,ripe,92.437,49.2827,22.0001,0.5331490579189171
chili_ripe,chili,ripe,88.53,78.2108,52.319,0.8834383724902478
chili_ripe,chili,ripe,109.1435,96.6047,95.9351,0.8851163753671416
chili_ripe,chili,ripe,132.009,108.4587,80.0473,0.8216007937216342
chili_ripe,chili,ripe,39.3143,52.606,2.6666,1.3380881425311364
chili_ripe,chili,ripe,132.2506,46.9957,31.7466,0.3553533945754999
chili_ripe,chili,ripe,84.1043,51.5587,41.4567,0.6130328578558665
chili_ripe,chili,ripe,125.6535,59.0708,25.4002,0.4701086681221879
chili_ripe,chili,ripe,90.0798,83.2372,89.0551,0.9240384534153222
chili_ripe,chili,ripe,223.2397,184.5131,176.1524,0.8265245795146448
chili_ripe,chili,ripe,119.0132,49.1567,39.4059,0.41303569341017893
chili_ripe,chili,ripe,165.8807,76.4367,69.7978,0.460793205835319
chili_ripe,chili,ripe,113.9805,118.4995,134.7817,1.0396471235022908
chili_ripe,chili,ripe,174.7975,73.3138,61.1321,0.41942132799713194
chili_ripe,chili,ripe,54.6244,50.6182,59.5528,0.9266591316946432
chili_ripe,chili,ripe,143.9894,122.7547,105.5791,0.8525259439061075
chili_ripe,chili,ripe,180.2799,61.8412,58.4301,0.343028810516154
chili_ripe,chili,ripe,111.3883,98.1819,34.2581,0.8814381682686766
chili_ripe,chili,ripe,49.3249,46.302,53.8824,0.9387145044649964
chili_ripe,chili,ripe,197.0801,155.4479,153.2765,0.7887549235627803
chili_ripe,chili,ripe,55.2568,50.5946,59.7593,0.9156266574317251
chili_ripe,chili,ripe,97.9681,106.8932,76.6315,1.091102092506621
chili_ripe,chili,ripe,50.6389,43.5311,55.8316,0.8596375343927785
chili_ripe,chili,ripe,179.868,156.6278,150.2801,0.8707930211555529
chili_ripe,chili,ripe,14.5519,3.7951,13.1015,0.2607975411597427
chili_ripe,chili,ripe,140.6077,122.5117,99.1957,0.8713014943612514
chili_ripe,chili,ripe,165.9449,143.5192,146.1779,0.8648605599517639
chili_ripe,chili,ripe,109.1435,96.6047,95.9351,0.8851163753671416
chili_ripe,chili,ripe,222.4483,189.8847,188.3468,0.8536127232547396
chili_ripe,chili,ripe,130.2956,96.2543,37.1287,0.7387379102691272
chili_ripe,chili,ripe,132.6663,134.5345,97.624,1.014081940823842
chili_ripe,chili,ripe,182.0432,67.0469,38.6128,0.36830213724927846
chili_ripe,chili,ripe,97.306,112.7965,78.8908,1.1591936657637385
chili_ripe,chili,ripe,157.6987,21.4096,21.3061,0.1357626909051077
chili_ripe,chili,ripe,165.4133,152.8822,127.8239,0.9242436918661094
chili_ripe,chili,ripe,240.8509,202.3591,198.1961,0.840184110417756
chili_ripe,chili,ripe,146.1823,98.476,73.9653,0.6736520038769946
chili_ripe,chili,ripe,182.3115,69.6189,29.018,0.3818678449693637
chili_ripe,chili,ripe,90.853,81.8616,87.724,0.9010335277752686
chili_ripe,chili,ripe,65.2108,60.5464,68.1046,0.9284719566625166
chili_ripe,chili,ripe,230.0177,216.7949,218.4787,0.9425139850432642
chili_ripe,chili,ripe,82.5268,80.5969,43.5824,0.9766148575176204
chili_ripe,chili,ripe,125.8113,87.1999,59.8298,0.6931006937127214
chili_ripe,chili,ripe,170.0259,16.5514,1.0554,0.097346344896005
chili_ripe,chili,ripe,128.4927,127.7946,104.4863,0.9945669987900713
chili_ripe,chili,ripe,136.8086,47.7834,56.2276,0.3492718999443609
chili_ripe,chili,ripe,167.8024,145.4752,143.363,0.8669434950456996
chili_ripe,chili,ripe,191.0766,139.5545,123.6793,0.7303589202950077
chili_ripe,chili,ripe,124.2665,105.9873,107.467,0.8529032293264619
chili_ripe,chili,ripe,62.0542,37.142,22.1992,0.5985412655623429
chili_ripe,chili,ripe,97.9914,15.2585,5.9698,0.15571264258177103
chili_ripe,chili,ripe,92.8802,74.5732,30.0077,0.8028966259450709
chili_ripe,chili,ripe,87.8361,81.5604,88.2785,0.9285521450912307
chili_ripe,chili,ripe,91.6726,90.897,58.1882,0.9915394459027077
chili_ripe,chili,ripe,95.437,85.2807,89.4585,0.8935810964973637
chili_ripe,chili,ripe,191.924,37.0495,47.0189,0.1930425575069165
chili_ripe,chili,ripe,229.9684,99.9597,71.946,0.43466710889553906
chili_ripe,chili,ripe,81.5381,89.5877,32.9125,1.0987219336883993
chili_ripe,chili,ripe,94.3241,105.5355,61.9653,1.1188603854278982
chili_ripe,chili,ripe,115.7658,111.0591,67.9302,0.9593429064599138
chili_ripe,chili,ripe,131.2218,132.8751,165.0687,1.0125992707568463
chili_ripe,chili,ripe,123.3711,84.1244,42.7265,0.6818809212053639
chili_ripe,chili,ripe,151.5645,133.0757,105.1097,0.8780136451608811
chili_ripe,chili,ripe,49.4652,45.769,47.9644,0.9252767415217821
chili_ripe,chili,ripe,89.3996,85.2672,32.5899,0.9537760688663476
chili_ripe,chili,ripe,99.5252,46.0492,39.5273,0.4626888419949034
chili_ripe,chili,ripe,136.448,122.5701,96.4271,0.8982916503115351
chili_ripe,chili,ripe,91.2053,53.824,78.8396,0.5901411366429239
chili_ripe,chili,ripe,144.2417,143.6527,90.2454,0.9959165692312517
chili_ripe,chili,ripe,82.3776,93.1782,57.5866,1.1311108707814883
chili_ripe,chili,ripe,143.7963,131.5739,120.4585,0.9150019790842882
chili_ripe,chili,ripe,121.5295,49.9346,43.0179,0.41088459665443705
chili_ripe,chili,ripe,140.9462,135.6645,140.2249,0.9625268296518329
chili_ripe,chili,ripe,150.3859,131.8531,117.3954,0.876765036637311
chili_rotten,chili,rotten,173.0386,162.16,149.5005,0.9371319408667664
chili_rotten,chili,rotten,167.2665,167.4622,182.2143,1.0011699832233592
chili_rotten,chili,rotten,147.9324,142.7783,123.1756,0.9651590796528747
chili_rotten,chili,rotten,179.3453,171.9639,158.6378,0.9588425179871314
chili_rotten,chili,rotten,163.038,150.7803,144.3852,0.9248169081759043
chili_rotten,chili,rotten,165.641,144.8107,147.9976,0.874244294140676
chili_rotten,chili,rotten,159.9127,155.6056,125.387,0.9730659230125818
chili_rotten,chili,rotten,165.6287,142.477,144.6113,0.860219268398416
chili_rotten,chili,rotten,201.8347,176.9893,134.8928,0.8769022329812354
chili_rotten,chili,rotten,159.2352,144.5174,151.478,0.9075719381922344
chili_rotten,chili,rotten,175.4428,168.64,159.8455,0.9612249635708905
chili_rotten,chili,rotten,209.2486,186.548,184.9092,0.8915137262972669
chili_rotten,chili,rotten,175.4734,153.7588,135.6583,0.8762513242676593
chili_rotten,chili,rotten,172.6267,164.5087,158.2015,0.9529736654122818
chili_rotten,chili,rotten,157.0571,152.7656,157.9929,0.972675536650839
chili_rotten,chili,rotten,139.5174,133.0756,114.5814,0.9538279744761013
chili_rotten,chili,rotten,191.1196,183.406,183.0993,0.9596399272516272
chili_rotten,chili,rotten,165.744,161.8646,134.6138,0.976594018627558
chili_rotten,chili,rotten,162.1008,145.37,144.4007,0.8967876722583253
chili_rotten,chili,rotten,181.3898,164.9623,164.9304,0.9094353656631444
chili_rotten,chili,rotten,187.6926,182.7394,185.299,0.9736100359118578
chili_rotten,chili,rotten,182.7307,173.6242,159.4166,0.9501643623640452
chili_rotten,chili,rotten,168.5726,162.2809,152.0107,0.9626766095873434
chili_rotten,chili,rotten,171.6879,163.7319,155.942,0.9536600951280777
chili_rotten,chili,rotten,44.1169,170.5945,204.7729,3.8668740580849055
chili_rotten,chili,rotten,77.8069,146.009,171.9176,1.8765559111524053
chili_rotten,chili,rotten,159.7297,150.8716,121.8539,0.9445431817342473
chili_rotten,chili,rotten,155.1694,152.7311,175.5125,0.9842861995710095
chili_rotten,chili,rotten,164.4451,135.196,124.7972,0.8221345554100757
chili_rotten,chili,rotten,154.7246,144.6359,134.76,0.9347957536500611
chili_rotten,chili,rotten,161.7706,155.4999,157.7126,0.961237079164959
chili_rotten,chili,rotten,144.4093,136.0162,124.7003,0.9418797754585073
chili_rotten,chili,rotten,168.2897,135.0933,130.7062,0.802742527898365
chili_rotten,chili,rotten,165.9333,165.9161,190.8265,0.9998963378665021
chili_rotten,chili,rotten,153.9738,149.6377,122.8101,0.9718387091061029
chili_rotten,chili,rotten,189.2572,186.869,170.1194,0.9873811882064133
chili_rotten,chili,rotten,164.9287,170.1933,196.3718,1.0319204539178417
chili_rotten,chili,rotten,166.5773,164.7486,186.9955,0.9890219076127306
chili_rotten,chili,rotten,230.3407,222.6757,222.8674,0.9667232019060322
chili_rotten,chili,rotten,151.9108,147.9344,166.228,0.9738241061608254
chili_rotten,chili,rotten,156.8855,153.0753,160.1893,0.9757134918414162
chili_rotten,chili,rotten,234.6662,222.5369,225.3427,0.9483125352167779
chili_rotten,chili,rotten,167.8959,155.9533,142.9908,0.9288690139016557
chili_rotten,chili,rotten,242.6071,229.6513,229.7003,0.9465976018566744
chili_rotten,chili,rotten,215.9959,200.655,188.7718,0.9289759623725452
chili_rotten,chili,rotten,143.007,159.5844,206.1066,1.115920191907248
chili_rotten,chili,rotten,166.5976,142.1591,146.7887,0.8533082058006345
chili_rotten,chili,rotten,165.7785,149.4621,143.8707,0.9015770989508464
chili_rotten,chili,rotten,167.8214,163.0424,196.1803,0.9715232921932285
chili_rotten,chili,rotten,159.6348,150.2612,142.1161,0.9412809679262857
chili_rotten,chili,rotten,238.8178,235.2426,233.7628,0.9850295874719992
chili_rotten,chili,rotten,213.6003,204.8865,195.0498,0.95920510898531
chili_rotten,chili,rotten,155.6249,140.6197,132.5529,0.9035809764145649
chili_rotten,chili,rotten,151.1734,121.0709,120.8667,0.8008743548741092
chili_rotten,chili,rotten,161.4289,156.5338,129.8159,0.969676427395117
chili_rotten,chili,rotten,152.4841,146.4679,156.2092,0.9605453882696923
chili_rotten,chili,rotten,233.4214,217.8984,215.3661,0.9334979529147801
chili_rotten,chili,rotten,161.2817,158.788,174.805,0.984538227309495
chili_rotten,chili,rotten,213.0306,193.2886,191.0748,0.9073278631927627
chili_rotten,chili,rotten,163.3806,143.8472,146.7616,0.8804423482320278
chili_rotten,chili,rotten,166.2539,129.3595,117.7166,0.7780839981613424
chili_rotten,chili,rotten,234.7807,212.5547,209.6569,0.9053329302394407
chili_rotten,chili,rotten,206.003,197.936,201.8913,0.9608403714468219
chili_rotten,chili,rotten,148.9596,144.1126,123.2376,0.9674609695013885
chili_rotten,chili,rotten,179.1028,175.2628,160.0304,0.978559793713109
chili_rotten,chili,rotten,168.7915,165.9052,194.7939,0.9829001994596872
chili_rotten,chili,rotten,193.3304,171.2773,140.6565,0.8859305060873484
chili_rotten,chili,rotten,155.5261,150.538,159.5958,0.9679275634898094
chili_rotten,chili,rotten,226.3576,217.1297,212.6886,0.9592330853515276
chili_rotten,chili,rotten,154.753,156.2218,182.1424,1.0094912472812079
chili_rotten,chili,rotten,167.5804,162.3376,139.2157,0.9687147126470954
chili_rotten,chili,rotten,166.6035,159.5879,147.2203,0.9578904347274191
chili_rotten,chili,rotten,190.1806,183.1297,179.5273,0.9629252354713087
chili_rotten,chili,rotten,157.0804,152.7621,123.9222,0.9725089764699545
chili_rotten,chili,rotten,224.7508,215.5968,212.0618,0.9592704410428331
chili_rotten,chili,rotten,174.9103,156.6931,144.1091,0.895848323993222
chili_rotten,chili,rotten,141.8875,161.1588,207.8494,1.1358209769301668
chili_rotten,chili,rotten,162.8197,167.0337,192.9482,1.0258813827449542
chili_rotten,chili,rotten,166.2084,159.3649,163.2121,0.9588257816161772
chili_rotten,chili,rotten,159.7829,155.8007,184.9767,0.9750774270896483
chili_unripe,chili,unripe,181.7691,177.5475,176.5941,0.9767749250187467
chili_unripe,chili,unripe,22.5172,24.2474,17.8499,1.0768389907786495
chili_unripe,chili,unripe,22.0055,23.0026,19.0308,1.0453113519205948
chili_unripe,chili,unripe,44.1203,43.9304,34.5112,0.9956958362546077
chili_unripe,chili,unripe,54.2952,50.3181,46.2048,0.9267504139085884
chili_unripe,chili,unripe,125.3483,101.1705,69.2746,0.8071150481728508
chili_unripe,chili,unripe,207.7674,214.0976,183.1901,1.0304677200057963
chili_unripe,chili,unripe,35.0108,31.2168,22.6974,0.8916334133572094
chili_unripe,chili,unripe,194.8097,127.6312,94.3775,0.6551583383416826
chili_unripe,chili,unripe,179.2107,177.3249,171.9558,0.9894771852937511
chili_unripe,chili,unripe,48.3048,45.4131,35.9961,0.9401363644992555
chili_unripe,chili,unripe,165.4922,162.6415,160.7765,0.9827744088073371
chili_unripe,chili,unripe,141.7153,119.891,90.0625,0.8459989793198125
chili_unripe,chili,unripe,140.6125,117.4333,86.4026,0.8351554745477431
chili_unripe,chili,unripe,142.7009,123.4113,94.7584,0.8648249529973185
chili_unripe,chili,unripe,132.3198,121.35,109.1861,0.9170963006511778
chili_unripe,chili,unripe,34.0349,36.3122,34.3568,1.0669106985209094
chili_unripe,chili,unripe,48.179,49.0744,36.61,1.0185848394822465
chili_unripe,chili,unripe,143.2133,122.1302,92.6928,0.8527853149617716
chili_unripe,chili,unripe,37.98,38.725,31.8373,1.0196155603050143
chili_unripe,chili,unripe,181.8894,178.7557,179.8287,0.9827713930401035
chili_unripe,chili,unripe,118.9982,112.9377,104.1883,0.9490706502361327
chili_unripe,chili,unripe,142.7442,120.523,89.0841,0.8443285202177845
chili_unripe,chili,unripe,138.6748,116.1809,86.9109,0.8377938829708506
chili_unripe,chili,unripe,52.6071,52.6871,45.1502,1.0015206882432088
chili_unripe,chili,unripe,88.9385,144.3423,73.2608,1.6229450505355378
chili_unripe,chili,unripe,44.7838,98.9384,7.2305,2.209245258123579
chili_unripe,chili,unripe,75.3529,78.3652,72.5975,1.0399758862634898
chili_unripe,chili,unripe,54.1064,49.7918,44.0428,0.9202571059937992
chili_unripe,chili,unripe,51.5106,48.9631,47.2418,0.9505441413894589
chili_unripe,chili,unripe,178.1286,177.6694,160.3518,0.9974220815892446
chili_unripe,chili,unripe,115.8042,127.4396,96.5434,1.1004747573881193
chili_unripe,chili,unripe,122.6447,86.2177,31.7893,0.7029875673144655
chili_unripe,chili,unripe,174.4818,170.9513,169.6854,0.9797657923074741
chili_unripe,chili,unripe,181.1676,180.7298,174.7969,0.9975834476055132
chili_unripe,chili,unripe,141.5221,122.836,92.5258,0.8679633720248402
chili_unripe,chili,unripe,44.1151,44.0531,34.5728,0.9985945628912876
chili_unripe,chili,unripe,37.903,40.4986,33.941,1.068480039350974
chili_unripe,chili,unripe,39.1227,38.4087,33.2453,0.9817497007683597
chili_unripe,chili,unripe,137.9842,115.224,87.3262,0.8350521231050214
chili_unripe,chili,unripe,169.6195,191.5484,28.6351,1.1292828882924257
chili_unripe,chili,unripe,53.2171,48.9211,44.0582,0.919274050647742
chili_unripe,chili,unripe,51.7028,49.2268,40.1738,0.9521108924060032
chili_unripe,chili,unripe,165.4794,164.0635,153.5965,0.9914436419793422
chili_unripe,chili,unripe,123.5126,116.072,107.9388,0.9397583652213752
chili_unripe,chili,unripe,76.1909,68.9896,55.8244,0.9054834513638315
chili_unripe,chili,unripe,148.5106,131.5616,114.5477,0.8858734603060423
chili_unripe,chili,unripe,48.7453,83.3389,21.5844,1.7096806931195276
chili_unripe,chili,unripe,138.3471,116.3905,87.3036,0.8412933784568424
chili_unripe,chili,unripe,90.0467,88.1246,91.4995,0.978654398454864
chili_unripe,chili,unripe,56.7928,88.4264,23.9222,1.5570001557063544
chili_unripe,chili,unripe,124.5904,116.1245,107.3324,0.9320501344240797
chili_unripe,chili,unripe,66.5194,63.7526,58.4233,0.9584061047092111
chili_unripe,chili,unripe,154.2286,157.8888,123.5223,1.023732297228061
chili_unripe,chili,unripe,36.1403,36.213,36.9443,1.0020115770480162
chili_unripe,chili,unripe,120.0921,112.0017,103.9174,0.9326316974003145
chili_unripe,chili,unripe,61.1331,56.6753,53.2107,0.9270804044440671
chili_unripe,chili,unripe,28.9955,28.5665,26.6365,0.9852045667360602
chili_unripe,chili,unripe,32.4258,29.2686,21.9193,0.9026330606297127
chili_unripe,chili,unripe,132.8547,111.5494,82.4936,0.8396345719072448
chili_unripe,chili,unripe,39.1641,38.5205,30.3513,0.9835665575471783
chili_unripe,chili,unripe,144.0227,122.7909,92.4952,0.8525801776207489
chili_unripe,chili,unripe,37.0085,39.6558,33.1554,1.0715321866184206
chili_unripe,chili,unripe,142.4581,124.8745,98.1093,0.8765700168921948
chili_unripe,chili,unripe,60.9247,62.7586,55.3433,1.0301010750959616
chili_unripe,chili,unripe,139.5247,115.1263,85.7741,0.8251320316393296
chili_unripe,chili,unripe,139.7431,117.6297,86.7894,0.8417567605001123
chili_unripe,chili,unripe,145.9027,121.9959,91.0258,0.8361455899298259
chili_unripe,chili,unripe,173.7126,168.838,171.0598,0.9719387023627606
chili_unripe,chili,unripe,142.1166,119.1818,85.9453,0.8386198316127754
chili_unripe,chili,unripe,146.5548,125.8699,94.2291,0.8588589329120647
chili_unripe,chili,unripe,135.0045,112.4189,77.9294,0.8327048295967554
chili_unripe,chili,unripe,179.1706,174.934,176.0483,0.9763543741196693
chili_unripe,chili,unripe,156.439,158.6931,142.6158,1.014408804617718
chili_unripe,chili,unripe,230.271,233.8168,185.4395,1.015398374022789
chili_unripe,chili,unripe,38.7727,36.5659,30.5427,0.943083640213768
chili_unripe,chili,unripe,26.3235,26.8449,21.5665,1.0198073576915168
chili_unripe,chili,unripe,171.2636,172.5906,150.2288,1.007748283886662
chili_unripe,chili,unripe,26.662,26.5754,22.0266,0.9967518942032895
chili_unripe,chili,unripe,140.3812,128.8375,114.7397,0.9177688969907017
paprika_ripe,paprika,ripe,116.438,62.5877,68.1708,0.5375195336787
paprika_ripe,paprika,ripe,212.9497,116.2411,93.9646,0.54586176667137
paprika_ripe,paprika,ripe,175.216,89.8108,35.1222,0.512571908315611
paprika_ripe,paprika,ripe,242.7128,185.3565,181.5058,0.7636865432573539
paprika_ripe,paprika,ripe,156.8341,85.3256,76.3737,0.5440500468708651
paprika_ripe,paprika,ripe,226.5632,175.5375,182.54,0.7747838096620112
paprika_ripe,paprika,ripe,55.1682,17.9654,25.6736,0.3256477404438111
paprika_ripe,paprika,ripe,90.7246,67.7477,19.1525,0.7467401261979648
paprika_ripe,paprika,ripe,180.133,107.457,98.1428,0.5965425513562614
paprika_ripe,paprika,ripe,67.292,34.0845,30.2667,0.5065163688623259
paprika_ripe,paprika,ripe,149.7736,45.608,47.5551,0.3045129428383043
paprika_ripe,paprika,ripe,242.0482,213.3119,209.201,0.8812786011989405
paprika_ripe,paprika,ripe,132.0547,107.3478,107.4323,0.8129040404248843
paprika_ripe,paprika,ripe,237.1222,164.1326,158.823,0.6921857139812901
paprika_ripe,paprika,ripe,245.0993,191.7794,191.9049,0.7824559238543076
paprika_ripe,paprika,ripe,226.8472,153.4178,155.4438,0.6763045756072609
paprika_ripe,paprika,ripe,149.028,97.5693,90.0868,0.6547044806700454
paprika_ripe,paprika,ripe,152.4831,81.2141,61.7331,0.5326104956378084
paprika_ripe,paprika,ripe,111.5337,69.3002,68.5758,0.6213386570934287
paprika_ripe,paprika,ripe,205.321,169.4865,167.2256,0.8254708440662629
paprika_ripe,paprika,ripe,237.546,161.911,160.4497,0.6815985085768714
paprika_ripe,paprika,ripe,137.6066,44.8463,32.2978,0.3259022435994913
paprika_ripe,paprika,ripe,152.9954,43.1448,31.8382,0.28200063347002174
paprika_ripe,paprika,ripe,114.188,103.9675,67.5782,0.9104940894796818
paprika_ripe,paprika,ripe,232.448,196.245,188.6703,0.8442533347490478
paprika_ripe,paprika,ripe,210.4733,134.1161,124.2025,0.6372119378694973
paprika_ripe,paprika,ripe,239.7984,224.9583,224.5739,0.9381142620713306
paprika_ripe,paprika,ripe,212.7913,152.1985,153.2401,0.7152477534784187
paprika_ripe,paprika,ripe,239.3843,188.1522,174.3174,0.7859838728522135
paprika_ripe,paprika,ripe,91.7363,55.5611,57.8098,0.6056610021805872
paprika_ripe,paprika,ripe,150.3881,88.1552,68.1286,0.5861846742781863
paprika_ripe,paprika,ripe,46.7056,5.5015,1.7651,0.11779101183175013
paprika_ripe,paprika,ripe,241.7684,71.0975,18.3933,0.29407275601744165
paprika_ripe,paprika,ripe,152.8364,64.6018,46.7183,0.4226859542446305
paprika_ripe,paprika,ripe,91.3684,41.1044,17.5779,0.44987544435630433
paprika_ripe,paprika,ripe,239.7123,171.2793,166.675,0.714520278206332
paprika_ripe,paprika,ripe,21.5784,5.6842,5.2801,0.2634208160280273
paprika_ripe,paprika,ripe,227.8519,152.5385,152.9902,0.6694633633976133
paprika_ripe,paprika,ripe,58.5049,17.4763,7.1877,0.2987151452491134
paprika_ripe,paprika,ripe,87.3261,17.0747,14.8891,0.1955280243188689
paprika_ripe,paprika,ripe,207.2615,174.1969,169.8611,0.840469161708908
paprika_ripe,paprika,ripe,231.1342,187.4717,185.9073,0.8110945900213185
paprika_ripe,paprika,ripe,156.0853,64.6259,33.0298,0.41404219094275896
paprika_ripe,paprika,ripe,245.6832,180.7435,175.1054,0.73567708033892
paprika_ripe,paprika,ripe,40.3964,18.5916,19.5998,0.46022911793553095
paprika_ripe,paprika,ripe,113.1149,48.9239,53.6544,0.43251507597571076
paprika_ripe,paprika,ripe,229.1831,170.6484,166.0769,0.7445941662164699
paprika_ripe,paprika,ripe,169.2942,102.0505,72.5909,0.6027997379544029
paprika_ripe,paprika,ripe,155.1661,45.1253,47.3435,0.29081932012972345
paprika_ripe,paprika,ripe,209.3004,196.7857,196.3538,0.9402069898566511
paprika_ripe,paprika,ripe,237.3326,171.2848,170.1749,0.7217078449327743
paprika_ripe,paprika,ripe,214.1207,142.1503,142.6265,0.6638792948842438
paprika_ripe,paprika,ripe,160.5853,64.1229,47.9286,0.3993074060993914
paprika_ripe,paprika,ripe,232.3212,161.2081,157.5867,0.6939018019280987
paprika_ripe,paprika,ripe,187.1215,54.3967,38.1833,0.290702563357484
paprika_ripe,paprika,ripe,144.7365,39.9068,17.4343,0.2757203588885985
paprika_ripe,paprika,ripe,228.7625,176.8393,175.9099,0.7730257329194002
paprika_ripe,paprika,ripe,136.3685,63.1908,48.6955,0.46338266928665583
paprika_ripe,paprika,ripe,239.751,169.076,170.1094,0.7052149909480461
paprika_ripe,paprika,ripe,126.5619,84.7745,51.8141,0.6698263800572971
paprika_ripe,paprika,ripe,123.4425,72.0922,41.4774,0.5840144149380124
paprika_ripe,paprika,ripe,62.4457,15.904,15.4917,0.2546852664845575
paprika_ripe,paprika,ripe,145.1956,60.0652,44.8396,0.41368470935975526
paprika_ripe,paprika,ripe,74.6434,19.3277,17.9347,0.2589338071559735
paprika_ripe,paprika,ripe,135.6798,94.6361,73.4457,0.697495863809529
paprika_ripe,paprika,ripe,179.3959,129.6788,118.6157,0.7228637849423326
paprika_ripe,paprika,ripe,222.8747,171.7337,171.6748,0.7705392277789304
paprika_ripe,paprika,ripe,207.4756,165.1636,167.6709,0.7960627620979877
paprika_ripe,paprika,ripe,228.7665,209.141,205.8131,0.9142116484965602
paprika_ripe,paprika,ripe,194.5817,126.4638,118.8777,0.6499264799828223
paprika_ripe,paprika,ripe,184.7097,153.9848,150.1822,0.8336584335654358
paprika_ripe,paprika,ripe,218.2123,147.0607,146.2815,0.6739340510414213
paprika_ripe,paprika,ripe,197.2129,148.0487,146.6605,0.7507049450076291
paprika_ripe,paprika,ripe,124.9931,110.6251,81.4691,0.8850496476601537
paprika_ripe,paprika,ripe,150.4572,104.3428,69.7528,0.6935048592323607
paprika_ripe,paprika,ripe,154.6046,50.2357,34.099,0.32493017462009427
paprika_ripe,paprika,ripe,137.6407,104.7006,75.0853,0.7606805199284766
paprika_ripe,paprika,ripe,33.5396,6.0946,3.9402,0.1817135510944212
paprika_ripe,paprika,ripe,154.6046,50.2357,34.099,0.32493017462009427
paprika_ripe,paprika,ripe,233.1349,184.2167,182.3643,0.7901721244216455
paprika_rotten,paprika,rotten,156.9624,153.2518,121.0041,0.9763599373075339
paprika_rotten,paprika,rotten,146.4953,152.0466,109.0174,1.0378940413931776
paprika_rotten,paprika,rotten,173.2236,161.8365,143.5718,0.9342635707013157
paprika_rotten,paprika,rotten,151.8765,154.3391,125.8778,1.0162144833715916
paprika_rotten,paprika,rotten,158.8862,160.902,147.7301,1.0126870614774155
paprika_rotten,paprika,rotten,184.7051,181.4093,180.2362,0.9821564159183672
paprika_rotten,paprika,rotten,159.2864,157.5086,171.6286,0.988838965606361
paprika_rotten,paprika,rotten,70.0133,74.9538,86.3759,1.07056514875652
paprika_rotten,paprika,rotten,182.998,182.8197,169.5381,0.9990256669525042
paprika_rotten,paprika,rotten,176.2994,173.8443,164.2318,0.9860742521751393
paprika_rotten,paprika,rotten,151.4023,141.5531,104.7586,0.9349468209205091
paprika_rotten,paprika,rotten,179.5169,173.4234,159.6087,0.9660561152400909
paprika_rotten,paprika,rotten,155.1734,150.0666,139.1797,0.967089714041906
paprika_rotten,paprika,rotten,173.4483,172.9567,158.2156,0.9971657202914892
paprika_rotten,paprika,rotten,69.8766,76.4069,86.6474,1.0934547317205656
paprika_rotten,paprika,rotten,185.4125,170.6598,160.9017,0.9204330834197636
paprika_rotten,paprika,rotten,103.0725,138.6454,81.8377,1.3451250203000313
paprika_rotten,paprika,rotten,183.9245,183.7154,166.6626,0.9988631150343585
paprika_rotten,paprika,rotten,164.6191,165.1224,142.5146,1.0030573548084192
paprika_rotten,paprika,rotten,161.2205,157.8482,144.0326,0.9790826788213491
paprika_rotten,paprika,rotten,171.293,169.8419,158.3539,0.9915285447068558
paprika_rotten,paprika,rotten,150.1652,151.3437,129.2049,1.0078480166653259
paprika_rotten,paprika,rotten,153.8598,153.6697,138.7447,0.998764453101041
paprika_rotten,paprika,rotten,180.3834,178.8557,166.3879,0.9915308116404792
paprika_rotten,paprika,rotten,108.6526,111.3083,108.4158,1.0244421116066977
paprika_rotten,paprika,rotten,149.9319,155.0755,106.9384,1.0343062348018919
paprika_rotten,paprika,rotten,151.8765,154.3391,125.8778,1.0162144833715916
paprika_rotten,paprika,rotten,168.7138,162.7471,169.8155,0.9646341854392813
paprika_rotten,paprika,rotten,184.7051,181.4093,180.2362,0.9821564159183672
paprika_rotten,paprika,rotten,172.2327,171.8196,158.8271,0.9976014949681362
paprika_rotten,paprika,rotten,154.4977,156.887,127.4326,1.0154649485690406
paprika_rotten,paprika,rotten,153.987,140.9353,127.0306,0.915241540420675
paprika_rotten,paprika,rotten,182.203,177.7294,159.6054,0.9754471607193781
paprika_rotten,paprika,rotten,174.4004,172.0123,176.3248,0.986306791806058
paprika_rotten,paprika,rotten,159.222,156.5619,140.7198,0.9832931317073449
paprika_rotten,paprika,rotten,218.7082,221.2235,189.5423,1.011500707282577
paprika_rotten,paprika,rotten,163.4549,161.6872,139.9516,0.9891853900422355
paprika_rotten,paprika,rotten,170.8921,170.3959,163.0702,0.9970964076332587
paprika_rotten,paprika,rotten,165.1198,162.9455,138.4716,0.9868319790429012
paprika_rotten,paprika,rotten,176.0447,173.2792,165.4999,0.9842909159759373
paprika_rotten,paprika,rotten,123.2409,122.5453,100.4622,0.994355761809953
paprika_rotten,paprika,rotten,176.0153,173.1462,160.0134,0.9836997068794604
paprika_rotten,paprika,rotten,136.0025,141.8209,133.4064,1.042781558847951
paprika_rotten,paprika,rotten,85.5291,98.1706,106.3622,1.1478034826999994
paprika_rotten,paprika,rotten,172.0806,160.1854,143.9856,0.9308742477020986
paprika_rotten,paprika,rotten,159.3497,160.2897,137.6894,1.005898969336629
paprika_rotten,paprika,rotten,154.6468,156.4614,133.957,1.0117338282348303
paprika_rotten,paprika,rotten,173.6229,172.5092,155.6559,0.9935855178459436
paprika_rotten,paprika,rotten,203.4023,204.572,195.5201,1.0057506674912198
paprika_rotten,paprika,rotten,151.1741,154.3227,144.7456,1.020827635019308
paprika_rotten,paprika,rotten,163.9964,149.0325,130.7943,0.9087546988302506
paprika_rotten,paprika,rotten,157.8304,155.9128,140.0323,0.9878502431226795
paprika_rotten,paprika,rotten,153.3858,150.9056,131.1916,0.98383030903884
paprika_rotten,paprika,rotten,65.8207,73.7798,84.8623,1.1209209090617251
paprika_rotten,paprika,rotten,175.6391,174.1572,152.5438,0.9915628069628982
paprika_rotten,paprika,rotten,74.4476,80.2186,91.0901,1.0775175952278166
paprika_rotten,paprika,rotten,165.9416,166.6346,140.595,1.00417616194989
paprika_rotten,paprika,rotten,165.9416,166.6346,140.595,1.00417616194989
paprika_rotten,paprika,rotten,147.405,147.2641,127.6347,0.9990441233401574
paprika_rotten,paprika,rotten,211.2577,214.8891,180.3398,1.017189427806942
paprika_rotten,paprika,rotten,80.5063,125.3153,65.3753,1.5565899618217462
paprika_rotten,paprika,rotten,68.4761,74.6054,86.0037,1.089510046724185
paprika_rotten,paprika,rotten,193.2412,196.0818,185.4161,1.0146997585675324
paprika_rotten,paprika,rotten,72.9986,76.3361,87.0429,1.0457200405799558
paprika_rotten,paprika,rotten,154.8345,156.4865,120.2353,1.0106694502151043
paprika_rotten,paprika,rotten,75.9329,81.3085,92.268,1.0707940685685116
paprika_rotten,paprika,rotten,172.0703,171.2592,144.0459,0.9952862231582892
paprika_rotten,paprika,rotten,183.8303,179.1241,160.5191,0.9743992096275793
paprika_rotten,paprika,rotten,172.532,166.5888,170.1816,0.9655530512278704
paprika_rotten,paprika,rotten,226.6315,206.0927,177.999,0.9093735826247739
paprika_rotten,paprika,rotten,173.6229,172.5092,155.6559,0.9935855178459436
paprika_rotten,paprika,rotten,75.6351,79.6483,90.6903,1.0530600071519705
paprika_rotten,paprika,rotten,152.9424,154.841,153.9025,1.0124138171467572
paprika_rotten,paprika,rotten,66.241,74.1691,85.1226,1.1196856762475556
paprika_rotten,paprika,rotten,178.5583,175.67,167.8741,0.9838243252549764
paprika_rotten,paprika,rotten,165.6981,164.0446,155.9248,0.990021002111545
paprika_rotten,paprika,rotten,147.405,147.2641,127.6347,0.9990441233401574
paprika_rotten,paprika,rotten,178.0187,174.6388,162.4549,0.9810137868605164
paprika_rotten,paprika,rotten,205.4451,191.1178,167.1332,0.9302621433645185
paprika_rotten,paprika,rotten,167.9704,169.388,140.7466,1.0084395762084297
paprika_unripe,paprika,unripe,65.7102,70.8417,77.4381,1.0780928824125802
paprika_unripe,paprika,unripe,213.0029,213.053,209.3159,1.0002352033693662
paprika_unripe,paprika,unripe,106.1965,145.6659,79.2288,1.371663836645616
paprika_unripe,paprika,unripe,188.8593,201.4435,166.7729,1.066632667458618
paprika_unripe,paprika,unripe,151.6213,156.2389,133.8562,1.0304548171631902
paprika_unripe,paprika,unripe,91.227,74.0556,90.3394,0.8117728215136657
paprika_unripe,paprika,unripe,105.6565,117.9015,102.785,1.1158944209216242
paprika_unripe,paprika,unripe,228.4045,230.1072,221.2085,1.0074547523912412
paprika_unripe,paprika,unripe,192.7679,209.3633,175.7438,1.0860900539659868
paprika_unripe,paprika,unripe,137.7518,172.8008,112.2518,1.2544358675934844
paprika_unripe,paprika,unripe,184.2229,209.1076,154.0329,1.135079291797712
paprika_unripe,paprika,unripe,59.4746,74.0675,43.2252,1.2453635460286652
paprika_unripe,paprika,unripe,80.7707,100.7203,17.7103,1.2469905393045926
paprika_unripe,paprika,unripe,93.3484,109.1343,41.4258,1.1691073315760385
paprika_unripe,paprika,unripe,99.3105,106.7582,92.6458,1.0749940733860561
paprika_unripe,paprika,unripe,93.6487,116.0054,69.6753,1.238729408537124
paprika_unripe,paprika,unripe,106.7009,87.5624,104.4854,0.8206341200436535
paprika_unripe,paprika,unripe,103.288,116.0016,100.8349,1.123088828101146
paprika_unripe,paprika,unripe,189.9867,202.6138,175.0316,1.0664630678544178
paprika_unripe,paprika,unripe,68.9259,78.9081,119.7061,1.144825078166189
paprika_unripe,paprika,unripe,158.8329,182.6006,133.7495,1.1496396455039248
paprika_unripe,paprika,unripe,143.1622,145.8754,121.1187,1.0189519229311095
paprika_unripe,paprika,unripe,130.6198,151.2275,108.6699,1.1577685683352097
paprika_unripe,paprika,unripe,96.4971,95.8307,48.5688,0.9930940826916654
paprika_unripe,paprika,unripe,157.0809,174.3921,132.1039,1.110205625825892
paprika_unripe,paprika,unripe,148.1959,151.1076,131.6179,1.0196476351933648
paprika_unripe,paprika,unripe,59.9088,70.6265,109.5203,1.1789002420529164
paprika_unripe,paprika,unripe,67.1273,75.4771,86.1501,1.124387527512837
paprika_unripe,paprika,unripe,66.9369,92.1681,111.0529,1.3769400528417055
paprika_unripe,paprika,unripe,97.361,165.9145,25.405,1.70411662057583
paprika_unripe,paprika,unripe,115.4547,151.7044,72.6468,1.313973347867403
paprika_unripe,paprika,unripe,102.8606,115.054,58.8611,1.118542949209484
paprika_unripe,paprika,unripe,83.176,70.0576,85.6163,0.8422814172083122
paprika_unripe,paprika,unripe,137.2866,141.1714,118.324,1.0282970003751497
paprika_unripe,paprika,unripe,161.7939,181.4522,128.0861,1.1215021016150664
paprika_unripe,paprika,unripe,75.0957,88.7367,49.4648,1.181648201140036
paprika_unripe,paprika,unripe,119.9992,121.8734,38.5013,1.0156184289927064
paprika_unripe,paprika,unripe,56.2404,67.3546,107.4053,1.19761948354529
paprika_unripe,paprika,unripe,72.3278,80.2595,89.1527,1.1096632123517762
paprika_unripe,paprika,unripe,105.1851,118.14,105.0952,1.1231628707567625
paprika_unripe,paprika,unripe,89.6982,94.8517,57.9746,1.0574537609734225
paprika_unripe,paprika,unripe,64.3373,92.8761,114.1014,1.4435809173903642
paprika_unripe,paprika,unripe,200.1281,207.8581,180.0376,1.0386252553308344
paprika_unripe,paprika,unripe,175.293,189.2572,156.2389,1.079662045377385
paprika_unripe,paprika,unripe,118.7665,131.5225,113.9352,1.1074040145377357
paprika_unripe,paprika,unripe,109.2246,89.442,70.1108,0.8188814532726011
paprika_unripe,paprika,unripe,69.6489,79.6411,89.8199,1.1434652787988715
paprika_unripe,paprika,unripe,147.375,181.9557,3.1268,1.234644266431591
paprika_unripe,paprika,unripe,146.8572,149.8042,129.09,1.0200671058683735
paprika_unripe,paprika,unripe,146.6375,165.5796,119.158,1.1291763626004512
paprika_unripe,paprika,unripe,72.8881,78.9071,89.3969,1.082578622812522
paprika_unripe,paprika,unripe,130.0173,147.9458,107.6344,1.1378931793084983
paprika_unripe,paprika,unripe,64.1891,69.6931,78.5889,1.0857466285436839
paprika_unripe,paprika,unripe,156.0391,142.3678,97.0694,0.9123854154991575
paprika_unripe,paprika,unripe,130.1815,147.928,107.7483,1.136321204346845
paprika_unripe,paprika,unripe,194.0465,206.4705,175.4112,1.0640258852181004
paprika_unripe,paprika,unripe,204.5258,218.9476,187.5818,1.070513348093427
paprika_unripe,paprika,unripe,116.2115,125.7973,104.6268,1.0824858031908564
paprika_unripe,paprika,unripe,69.723,80.5384,87.9592,1.1551195279159026
paprika_unripe,paprika,unripe,144.1449,123.5907,57.6538,0.8574059792791421
paprika_unripe,paprika,unripe,164.4582,165.4072,157.216,1.0057704571388324
paprika_unripe,paprika,unripe,69.2504,77.1939,88.5716,1.11470690256364
paprika_unripe,paprika,unripe,115.674,128.9808,109.122,1.1150370773463605
paprika_unripe,paprika,unripe,57.9645,68.4586,108.9077,1.1810435493958622
paprika_unripe,paprika,unripe,65.5079,78.4378,120.2007,1.1973792291100884
paprika_unripe,paprika,unripe,104.8479,120.4222,101.5339,1.148541829177868
paprika_unripe,paprika,unripe,151.2289,145.4585,71.3244,0.961843265659915
paprika_unripe,paprika,unripe,192.4408,195.4715,155.255,1.0157487340743296
paprika_unripe,paprika,unripe,172.4051,202.1583,158.2319,1.1725772545442261
paprika_unripe,paprika,unripe,191.1396,204.7713,168.2055,1.0713180258234398
paprika_unripe,paprika,unripe,206.4146,217.4704,182.4643,1.0535611286529096
paprika_unripe,paprika,unripe,88.8575,82.3709,45.6122,0.9269999614326314
paprika_unripe,paprika,unripe,113.5226,158.7355,89.9026,1.3982722259860836
paprika_unripe,paprika,unripe,103.5291,119.3663,100.162,1.1529734040673258
paprika_unripe,paprika,unripe,103.185,115.4236,99.2275,1.118608314012615
paprika_unripe,paprika,unripe,128.7013,147.5253,97.8244,1.146261139970916
paprika_unripe,paprika,unripe,75.4487,80.7992,86.027,1.0709157206033275
paprika_unripe,paprika,unripe,73.9773,80.7684,89.9095,1.091799767066387
paprika_unripe,paprika,unripe,146.8754,150.0475,125.4036,1.0215972108222533
paprika_unripe,paprika,unripe,119.9538,130.9889,117.4973,1.091994575478271
tomato_ripe,tomato,ripe,168.4634,159.646,150.9786,0.9476598421517085
tomato_ripe,tomato,ripe,166.2624,156.3286,145.658,0.9402522702652416
tomato_ripe,tomato,ripe,169.815,124.9984,99.2157,0.7360857360298811
tomato_ripe,tomato,ripe,193.4019,167.4116,154.9609,0.8656150696264355
tomato_ripe,tomato,ripe,172.6844,163.1845,153.6977,0.9449869186505155
tomato_ripe,tomato,ripe,171.3476,153.3528,138.3245,0.8949807240079188
tomato_ripe,tomato,ripe,160.6433,148.2065,136.8305,0.9225812659315311
tomato_ripe,tomato,ripe,166.1445,117.0785,95.3442,0.7046787543091781
tomato_ripe,tomato,ripe,181.5419,169.064,159.1379,0.931267101802575
tomato_ripe,tomato,ripe,183.3022,168.2475,154.3825,0.9178695022871002
tomato_ripe,tomato,ripe,170.5994,123.483,103.1464,0.7238184851540013
tomato_ripe,tomato,ripe,177.1863,164.1271,154.3325,0.9262967795687548
tomato_ripe,tomato,ripe,167.7351,125.898,107.1372,0.7505763507424722
tomato_ripe,tomato,ripe,227.4543,184.0383,154.3073,0.8091220926176287
tomato_ripe,tomato,ripe,170.902,135.4301,114.5046,0.7924430328934535
tomato_ripe,tomato,ripe,180.8636,172.6066,165.0026,0.9543468063538113
tomato_ripe,tomato,ripe,170.1512,161.0072,146.8903,0.9462595565223194
tomato_ripe,tomato,ripe,180.1105,169.8643,163.0815,0.9431115845932825
tomato_ripe,tomato,ripe,178.3982,138.6104,117.8815,0.7769719606085042
tomato_ripe,tomato,ripe,185.369,171.8172,153.6641,0.9268928411606427
tomato_ripe,tomato,ripe,168.8654,158.9868,147.155,0.9415001478011472
tomato_ripe,tomato,ripe,170.4204,128.0956,106.8299,0.7516447517336847
tomato_ripe,tomato,ripe,172.881,128.8557,109.0548,0.7453433243367211
tomato_ripe,tomato,ripe,194.3216,179.8797,167.5567,0.9256804136767072
tomato_ripe,tomato,ripe,168.62,129.4203,111.1698,0.7675263861491733
tomato_ripe,tomato,ripe,187.6254,140.056,117.5204,0.7464660928292967
tomato_ripe,tomato,ripe,229.528,134.554,108.2318,0.586220414998517
tomato_ripe,tomato,ripe,178.8676,143.8238,121.7462,0.8040796611343829
tomato_ripe,tomato,ripe,172.3777,161.3026,146.8125,0.9357509646795905
tomato_ripe,tomato,ripe,179.9184,165.57,155.3344,0.9202505084513285
tomato_ripe,tomato,ripe,172.5546,160.14,149.8439,0.9280540714182405
tomato_ripe,tomato,ripe,169.9433,122.4851,91.5693,0.72074097230817
tomato_ripe,tomato,ripe,180.0626,161.0266,152.0073,0.8942812061234193
tomato_ripe,tomato,ripe,234.8107,187.1031,172.5971,0.7968252690493863
tomato_ripe,tomato,ripe,126.0841,120.7396,67.097,0.9576116182959499
tomato_ripe,tomato,ripe,166.8321,129.3503,110.7147,0.7753322006056856
tomato_ripe,tomato,ripe,175.3913,159.0729,147.6783,0.9069600321854047
tomato_ripe,tomato,ripe,135.5277,102.0013,42.4207,0.7526232589159023
tomato_ripe,tomato,ripe,172.1856,137.01,122.2844,0.7957111349862525
tomato_ripe,tomato,ripe,158.9161,126.5071,110.2092,0.7960621938490675
tomato_ripe,tomato,ripe,164.7295,151.6997,139.7474,0.9209018365204664
tomato_ripe,tomato,ripe,178.6068,155.8575,146.8162,0.8726291447322881
tomato_ripe,tomato,ripe,171.6226,162.0299,150.2458,0.9441058406986851
tomato_ripe,tomato,ripe,166.8182,125.9648,107.1015,0.7551022564977787
tomato_ripe,tomato,ripe,168.5775,123.6977,104.4152,0.7337734826191308
tomato_ripe,tomato,ripe,156.9706,147.0461,135.1759,0.9367747786096583
tomato_ripe,tomato,ripe,191.2071,177.6222,163.2892,0.9289519012162629
tomato_ripe,tomato,ripe,172.5237,137.1166,119.6939,0.7947696415346435
tomato_ripe,tomato,ripe,161.4072,108.6624,82.8848,0.6732190343849653
tomato_ripe,tomato,ripe,162.5173,147.7816,137.3877,0.9093284166711579
tomato_ripe,tomato,ripe,169.7335,159.5129,145.9712,0.9397844212263082
tomato_ripe,tomato,ripe,156.2681,148.9295,137.6059,0.953038393933001
tomato_ripe,tomato,ripe,176.7191,154.1139,141.8998,0.872083997303721
tomato_ripe,tomato,ripe,175.1967,160.8759,150.8497,0.9182587290841738
tomato_ripe,tomato,ripe,171.913,138.9451,123.0756,0.8082291577237953
tomato_ripe,tomato,ripe,166.8762,131.5314,112.9933,0.7881974734072474
tomato_ripe,tomato,ripe,173.5076,152.111,141.5987,0.8766820538311748
tomato_ripe,tomato,ripe,190.3104,177.3026,168.2589,0.9316495528796664
tomato_ripe,tomato,ripe,175.1567,140.7769,122.2137,0.8037197503508587
tomato_ripe,tomato,ripe,185.3215,171.9715,156.1839,0.9279630214089406
tomato_ripe,tomato,ripe,165.6151,125.8422,105.1301,0.7598473764780664
tomato_ripe,tomato,ripe,168.6317,152.7454,143.4166,0.9057929149395225
tomato_ripe,tomato,ripe,164.6707,121.9828,100.6341,0.7407680859997067
tomato_ripe,tomato,ripe,167.1752,154.2707,144.3665,0.9228085211035578
tomato_ripe,tomato,ripe,170.1961,140.3377,122.2614,0.8245647178486187
tomato_ripe,tomato,ripe,154.2713,122.8251,104.4583,0.7961629882151575
tomato_ripe,tomato,ripe,189.5381,161.5635,153.4121,0.85240645098581
tomato_ripe,tomato,ripe,170.4951,130.6151,110.7326,0.7660929799971203
tomato_ripe,tomato,ripe,168.9963,153.5857,143.4487,0.908811015928686
tomato_ripe,tomato,ripe,169.9955,159.3536,149.0119,0.9373989256339202
tomato_ripe,tomato,ripe,179.743,130.1163,106.4292,0.7239019003582787
tomato_ripe,tomato,ripe,174.3703,156.4504,144.6143,0.8972307732610958
tomato_ripe,tomato,ripe,163.4053,131.9159,115.1253,0.8072926593733945
tomato_ripe,tomato,ripe,162.0549,125.5391,105.7425,0.7746701841495063
tomato_ripe,tomato,ripe,172.8863,140.3524,125.4708,0.8118190925954277
tomato_ripe,tomato,ripe,172.2334,157.7326,147.5191,0.91580726551408
tomato_ripe,tomato,ripe,164.8914,129.3398,111.5144,0.7843938447705954
tomato_ripe,tomato,ripe,156.1855,142.5369,131.4786,0.912612880756454
tomato_ripe,tomato,ripe,181.7158,169.2718,152.7278,0.93151943346963
tomato_ripe,tomato,ripe,174.4054,131.6905,110.9503,0.7550826937979976
tomato_rotten,tomato,rotten,170.0041,88.5265,71.1403,0.5207315557640577
tomato_rotten,tomato,rotten,166.634,120.9104,102.3856,0.725604614150746
tomato_rotten,tomato,rotten,208.9404,128.7819,113.5467,0.6163571017555384
tomato_rotten,tomato,rotten,140.1395,156.9876,181.3976,1.1202237690285481
tomato_rotten,tomato,rotten,216.9888,177.1476,165.1728,0.8163905196194896
tomato_rotten,tomato,rotten,215.3434,206.1786,187.7576,0.9574409944421747
tomato_rotten,tomato,rotten,178.0644,91.1771,68.8274,0.5120456390382039
tomato_rotten,tomato,rotten,231.875,215.7714,188.8014,0.9305505081162242
tomato_rotten,tomato,rotten,227.8619,223.5845,212.3619,0.9812280992073352
tomato_rotten,tomato,rotten,229.5916,177.5537,156.6956,0.7733457984815394
tomato_rotten,tomato,rotten,190.164,177.3451,174.8448,0.93259028558197
tomato_rotten,tomato,rotten,176.8921,122.9264,89.0145,0.6949230593399984
tomato_rotten,tomato,rotten,231.896,198.2597,190.5195,0.8549509225905109
tomato_rotten,tomato,rotten,234.4059,167.6904,152.2033,0.7153847206261246
tomato_rotten,tomato,rotten,156.8329,103.9146,86.1189,0.662581635214412
tomato_rotten,tomato,rotten,234.8138,226.8618,221.11,0.9661348653012095
tomato_rotten,tomato,rotten,135.6814,143.8552,168.7326,1.0602425899184222
tomato_rotten,tomato,rotten,192.7103,66.9774,60.4069,0.3475548512583145
tomato_rotten,tomato,rotten,132.1711,66.8003,59.945,0.5054077592952789
tomato_rotten,tomato,rotten,224.1904,214.5211,210.3665,0.9568701382535998
tomato_rotten,tomato,rotten,236.4178,224.087,209.7694,0.9478431786953301
tomato_rotten,tomato,rotten,242.7392,204.536,198.5293,0.8426162694669165
tomato_rotten,tomato,rotten,248.9001,235.9299,224.0263,0.9478899327565962
tomato_rotten,tomato,rotten,243.0562,238.649,231.6808,0.9818675640371751
tomato_rotten,tomato,rotten,195.1883,187.6719,187.3627,0.9614915393930294
tomato_rotten,tomato,rotten,199.7321,166.2704,158.9727,0.8324670854986901
tomato_rotten,tomato,rotten,228.468,177.5987,170.751,0.7773460581904422
tomato_rotten,tomato,rotten,236.3575,231.65,227.8932,0.98008313262713
tomato_rotten,tomato,rotten,190.8577,142.406,138.4646,0.7461370395528343
tomato_rotten,tomato,rotten,171.1957,76.0687,57.7954,0.44433767644667677
tomato_rotten,tomato,rotten,126.7119,93.1844,54.1104,0.7354036934541768
tomato_rotten,tomato,rotten,220.7476,186.3708,179.0511,0.8442710097673949
tomato_rotten,tomato,rotten,247.1425,233.1851,230.5649,0.9435248856690982
tomato_rotten,tomato,rotten,242.287,237.8016,232.7173,0.9814872404153453
tomato_rotten,tomato,rotten,166.5836,108.6604,80.7311,0.6522874961743683
tomato_rotten,tomato,rotten,231.015,203.0998,201.1071,0.8791628211191359
tomato_rotten,tomato,rotten,249.5373,246.1457,233.6287,0.9864084407965926
tomato_rotten,tomato,rotten,237.8231,174.8214,150.1068,0.7350900701610144
tomato_rotten,tomato,rotten,177.2103,147.8062,150.5091,0.8340722811593215
tomato_rotten,tomato,rotten,226.373,159.7474,134.8216,0.7056822116344166
tomato_rotten,tomato,rotten,234.8603,226.8351,221.0348,0.9658298956195241
tomato_rotten,tomato,rotten,237.836,201.2659,191.1579,0.8462381605550119
tomato_rotten,tomato,rotten,144.5681,109.7875,114.5391,0.7594171829095272
tomato_rotten,tomato,rotten,206.7623,154.9197,98.4452,0.7492647317752572
tomato_rotten,tomato,rotten,239.5527,237.8597,230.0471,0.9929326574364111
tomato_rotten,tomato,rotten,239.9059,230.687,228.9301,0.9615728460134877
tomato_rotten,tomato,rotten,244.5869,243.3377,239.8949,0.9948926087419538
tomato_rotten,tomato,rotten,210.0952,194.3053,172.7072,0.924844066285931
tomato_rotten,tomato,rotten,186.6025,155.3051,148.7175,0.8322776981429634
tomato_rotten,tomato,rotten,250.2083,241.0002,239.2411,0.9631982593575102
tomato_rotten,tomato,rotten,158.5095,107.5412,86.1185,0.6784527067560449
tomato_rotten,tomato,rotten,181.1362,166.5386,155.3491,0.9194109133380798
tomato_rotten,tomato,rotten,232.3536,227.3432,214.9533,0.9784363100961797
tomato_rotten,tomato,rotten,213.6508,205.6362,198.2654,0.9624873814538144
tomato_rotten,tomato,rotten,145.3162,102.5439,91.5396,0.7056604789716461
tomato_rotten,tomato,rotten,241.4181,229.9193,224.6416,0.9523697645190241
tomato_rotten,tomato,rotten,203.6331,158.2521,128.6461,0.7771432995070875
tomato_rotten,tomato,rotten,227.0114,210.3747,207.5524,0.9267142490345671
tomato_rotten,tomato,rotten,240.3676,233.2024,228.9932,0.9701906539392553
tomato_rotten,tomato,rotten,230.9006,183.643,169.3657,0.7953335729949009
tomato_rotten,tomato,rotten,227.5965,174.3234,140.374,0.7659318101731274
tomato_rotten,tomato,rotten,146.397,150.3314,163.4755,1.0268748606400757
tomato_rotten,tomato,rotten,241.3576,200.0884,181.1482,0.8290122174358205
tomato_rotten,tomato,rotten,103.8138,66.2636,57.5377,0.6382927834421552
tomato_rotten,tomato,rotten,239.8041,192.5377,184.9965,0.8028957769992432
tomato_rotten,tomato,rotten,186.4392,121.7495,90.9504,0.6530252186609617
tomato_rotten,tomato,rotten,251.6336,251.6571,250.0514,1.0000933857795884
tomato_rotten,tomato,rotten,238.8237,205.4244,193.1776,0.8601508105763758
tomato_rotten,tomato,rotten,175.4926,118.7155,92.9731,0.6764701151132861
tomato_rotten,tomato,rotten,248.5169,244.231,240.9054,0.9827540864112095
tomato_rotten,tomato,rotten,90.9246,70.1824,78.3263,0.7718747096839061
tomato_rotten,tomato,rotten,237.9881,235.8684,230.4329,0.9910932479771332
tomato_rotten,tomato,rotten,225.8,100.5064,96.486,0.4451124869569863
tomato_rotten,tomato,rotten,161.5207,99.2253,83.534,0.6143193992205371
tomato_rotten,tomato,rotten,123.492,133.014,87.59,1.0771062005870324
tomato_rotten,tomato,rotten,220.9719,187.0306,170.0839,0.8463999230381785
tomato_rotten,tomato,rotten,213.5773,160.3104,150.7068,0.7505966188794566
tomato_rotten,tomato,rotten,169.7395,149.2865,141.6678,0.8795035870878399
tomato_rotten,tomato,rotten,207.1034,173.4802,160.8703,0.8376501745618364
tomato_rotten,tomato,rotten,234.5405,185.809,167.948,0.7922256463500945
tomato_unripe,tomato,unripe,140.5946,158.0426,99.2923,1.1241014866566603
tomato_unripe,tomato,unripe,129.8433,139.6246,52.2714,1.0753315644678503
tomato_unripe,tomato,unripe,60.6559,61.2234,45.421,1.0093560394066192
tomato_unripe,tomato,unripe,178.7884,186.7192,156.202,1.0443585767065504
tomato_unripe,tomato,unripe,101.6329,94.9899,22.4415,0.9346372982111374
tomato_unripe,tomato,unripe,215.1636,223.7564,182.5245,1.039936118191292
tomato_unripe,tomato,unripe,166.229,170.1291,151.2539,1.0234622056111615
tomato_unripe,tomato,unripe,139.2394,162.6593,94.6944,1.1681987916624261
tomato_unripe,tomato,unripe,126.8685,144.9838,60.8104,1.1427879958950569
tomato_unripe,tomato,unripe,105.285,101.9011,89.7104,0.967859609936272
tomato_unripe,tomato,unripe,114.2782,131.76,55.5285,1.152975798070185
tomato_unripe,tomato,unripe,155.622,154.8497,139.459,0.9950373276590885
tomato_unripe,tomato,unripe,132.3402,144.329,89.3354,1.0905907570746398
tomato_unripe,tomato,unripe,158.0459,147.7216,118.0819,0.9346753004369281
tomato_unripe,tomato,unripe,107.6758,109.1065,47.8459,1.0132870987418985
tomato_unripe,tomato,unripe,146.9401,156.0977,127.2938,1.062321986562402
tomato_unripe,tomato,unripe,151.3481,156.4503,148.9852,1.033711681654995
tomato_unripe,tomato,unripe,165.0249,168.2734,151.126,1.0196849019773082
tomato_unripe,tomato,unripe,153.7419,154.9296,143.1049,1.007725278484751
tomato_unripe,tomato,unripe,153.8384,149.5743,139.91,0.9722819466902805
tomato_unripe,tomato,unripe,234.5299,235.9831,205.6556,1.0061962205834045
tomato_unripe,tomato,unripe,160.6029,148.6751,131.3932,0.9257310987178244
tomato_unripe,tomato,unripe,154.0758,151.119,111.7631,0.9808094393745843
tomato_unripe,tomato,unripe,165.4778,160.0391,130.4092,0.9671333498080507
tomato_unripe,tomato,unripe,153.0031,153.0663,144.6642,1.000413056987649
tomato_unripe,tomato,unripe,185.6968,173.1793,151.5592,0.9325917251530899
tomato_unripe,tomato,unripe,167.3483,166.8531,152.3761,0.997040896160637
tomato_unripe,tomato,unripe,190.8643,175.9902,152.3604,0.9220697588702038
tomato_unripe,tomato,unripe,199.0678,218.1238,164.7213,1.0957261742194058
tomato_unripe,tomato,unripe,223.4386,229.6964,200.0597,1.0280067945824634
tomato_unripe,tomato,unripe,157.9632,157.87,155.2301,0.9994099828351795
tomato_unripe,tomato,unripe,168.9412,165.0089,124.9246,0.9767238484352908
tomato_unripe,tomato,unripe,152.9793,149.9196,119.7895,0.9799992483950493
tomato_unripe,tomato,unripe,142.5653,148.9507,75.3829,1.0447892927325984
tomato_unripe,tomato,unripe,226.0038,233.2144,196.9072,1.0319047687166996
tomato_unripe,tomato,unripe,167.1345,168.1332,152.4947,1.0059754209575196
tomato_unripe,tomato,unripe,173.9715,165.37,153.5702,0.9505579882304976
tomato_unripe,tomato,unripe,157.0732,160.4792,147.0759,1.0216841509456471
tomato_unripe,tomato,unripe,129.233,128.8902,88.672,0.9973474190234117
tomato_unripe,tomato,unripe,153.21,151.0091,150.5567,0.9856347432567407
tomato_unripe,tomato,unripe,215.1602,220.2914,195.8555,1.0238482720138378
tomato_unripe,tomato,unripe,129.7106,95.3812,62.3475,0.7353385094561393
tomato_unripe,tomato,unripe,69.6577,83.9797,33.0525,1.2056053931495672
tomato_unripe,tomato,unripe,150.8291,148.6135,128.6421,0.9853105204147572
tomato_unripe,tomato,unripe,109.4399,106.3117,95.7196,0.9714162661751677
tomato_unripe,tomato,unripe,105.2609,118.3975,13.4596,1.1248003662822532
tomato_unripe,tomato,unripe,169.9762,162.0896,114.6184,0.9536017339274454
tomato_unripe,tomato,unripe,185.8161,176.1165,156.1387,0.9477999971595572
tomato_unripe,tomato,unripe,94.0671,95.8366,73.5202,1.018811029373596
tomato_unripe,tomato,unripe,190.5659,179.4236,159.4198,0.9415304577496264
tomato_unripe,tomato,unripe,212.1382,211.4457,130.0907,0.9967356138746551
tomato_unripe,tomato,unripe,145.5335,149.6882,118.6956,1.0285480591853555
tomato_unripe,tomato,unripe,217.1599,221.4113,199.9797,1.0195772745355969
tomato_unripe,tomato,unripe,148.3355,145.9941,87.4453,0.9842155048237576
tomato_unripe,tomato,unripe,159.5451,157.3198,143.0673,0.9860522135367854
tomato_unripe,tomato,unripe,77.9296,105.2136,52.1524,1.3501108519726672
tomato_unripe,tomato,unripe,151.9201,155.356,144.87,1.0226164870703978
tomato_unripe,tomato,unripe,173.9059,168.9702,135.7481,0.9716185536452844
tomato_unripe,tomato,unripe,38.114,69.2567,7.4966,1.8170934087974653
tomato_unripe,tomato,unripe,135.0666,148.6544,54.1357,1.1006007325230611
tomato_unripe,tomato,unripe,155.1306,154.7088,140.2002,0.9972809942249886
tomato_unripe,tomato,unripe,174.643,171.4094,155.9719,0.9814845085031493
tomato_unripe,tomato,unripe,154.216,155.1565,145.0152,1.006098582468106
tomato_unripe,tomato,unripe,147.2037,147.0933,130.0185,0.9992500120632157
tomato_unripe,tomato,unripe,94.4683,84.0215,36.2989,0.8894147466460735
tomato_unripe,tomato,unripe,83.5803,116.5733,30.9737,1.3947461136805432
tomato_unripe,tomato,unripe,146.491,150.6948,140.5475,1.0286966364575525
tomato_unripe,tomato,unripe,191.0689,179.9923,161.1819,0.9420282372378328
tomato_unripe,tomato,unripe,153.852,156.4465,142.851,1.0168636025734887
tomato_unripe,tomato,unripe,142.5882,138.0418,111.2484,0.9681151668362797
tomato_unripe,tomato,unripe,166.4069,169.2266,156.1226,1.0169446037577492
tomato_unripe,tomato,unripe,152.9648,156.4002,146.2164,1.0224587550700637
tomato_unripe,tomato,unripe,149.2773,161.3443,127.3329,1.0808361279254373
tomato_unripe,tomato,unripe,152.5037,154.372,141.8211,1.012250843669689
tomato_unripe,tomato,unripe,147.3205,151.0284,141.5083,1.0251689274393656
tomato_unripe,tomato,unripe,154.6116,156.7956,145.6053,1.0141257123390113
tomato_unripe,tomato,unripe,179.9083,179.1321,191.8288,0.9956855742859804
tomato_unripe,tomato,unripe,165.0174,163.7104,139.5101,0.9920796171065619
tomato_unripe,tomato,unripe,159.1728,158.0446,141.612,0.9929120993479282
tomato_unripe,tomato,unripe,98.0958,120.488,62.3003,1.2282686799203566
