condition,gr_ratio,hue_mean,sat_mean,lbp_std
ripe,0.9726743195620133,9.2563,36.2329,0.2002494643987345
ripe,0.9701565811234545,7.7467,33.6751,0.20168590925462432
ripe,0.9880118227223148,7.4196,25.0413,0.21770960932058217
ripe,0.944435748540231,19.2363,53.5195,0.13577793633839363
ripe,0.9877346108383324,5.6164,25.0066,0.22474187858496295
ripe,0.9658455537889997,10.2986,42.4221,0.1448809373099232
ripe,0.9590710389210829,23.9008,41.4283,0.032453720892824466
ripe,0.9642499430766902,15.7772,30.7321,0.13228934196109643
ripe,1.0063802446063854,83.1701,37.2702,0.04738510313960423
ripe,0.963160732331326,31.3343,37.5775,0.033477007031332086
ripe,0.9612260389076972,26.3291,45.4297,0.03491801826788207
ripe,0.958237192618987,20.6047,68.5655,0.10079429546342443
ripe,0.9837032784477479,7.2997,17.5004,0.22056945389212404
ripe,0.9635747363376282,26.9372,33.0139,0.10017210189465485
ripe,0.9494579557123025,15.065,57.9079,0.12150283123058249
ripe,1.0766409869572062,87.3512,96.07,0.03767930466072927
ripe,0.9714185265975841,25.3915,35.2283,0.03482335422898643
ripe,0.991481720611564,4.2715,20.6775,0.23387386769166965
ripe,1.0211347915088005,87.3123,67.09,0.045188427717631444
ripe,0.943107405522745,9.8141,46.0819,0.15077166841105652
ripe,1.0288545287190298,87.6706,63.0898,0.06145886428534586
ripe,0.9668877492875441,7.9257,35.3722,0.19608813322664348
ripe,0.9896562773359017,3.3966,17.9305,0.2465279902725952
ripe,0.970977751507626,9.7468,34.0841,0.19103720054664997
ripe,1.004929609872795,90.4272,34.4548,0.0720879324086956
ripe,0.981552832555684,4.1132,20.1696,0.23609748407988507
ripe,0.960341570514201,39.3052,45.5591,0.03408163728120596
ripe,0.9763736033215562,8.5008,30.2011,0.19937941717250948
ripe,0.9584537482307784,26.33,46.8693,0.03310148032612527
ripe,0.9840794823926081,3.5435,19.7381,0.2450732992147203
ripe,0.9748536500024001,28.4427,23.3431,0.11498759931990742
ripe,1.0065436934619925,82.8771,40.8399,0.04939738859000523
ripe,1.032626637491579,85.8397,70.4769,0.04655890891726796
ripe,1.03084234073677,85.475,65.9525,0.059507344078624236
ripe,0.9661116089739875,14.1957,31.565,0.1357477071493825
ripe,0.9886506840098918,5.3916,18.496,0.23247977544119972
ripe,0.9273789526301671,75.7488,63.3805,0.058160588024223664
ripe,0.9926049966076544,2.7817,12.9481,0.25418998404161697
ripe,0.9684540262419105,7.7944,34.4706,0.1792574572885975
ripe,0.9650872700153326,25.2987,32.6335,0.10026530804814482
ripe,0.955416478296313,21.8116,44.5824,0.034565213723642
ripe,0.838153783930473,64.5945,90.5636,0.03522209533448969
ripe,0.8599150619939321,46.0086,131.8956,0.03126589195600357
ripe,0.9907575057423398,2.7999,14.0007,0.2528119419394923
ripe,0.974141094521863,31.8365,34.2017,0.03145034180739814
ripe,0.9924571920729106,2.7558,12.7088,0.2546209417684131
ripe,1.0369033353625745,85.0829,82.2898,0.04497323648121715
ripe,1.0246644923358672,86.317,69.5257,0.04259976525330922
ripe,0.9552344473590205,21.3217,39.3355,0.03402334492327999
ripe,0.9093797750366212,75.4799,65.1182,0.03218828979291666
ripe,1.0071298128405002,88.0954,36.49,0.0561684074847153
ripe,0.9805949237578704,7.0806,22.2958,0.2193458729732052
ripe,0.9766890883462013,50.2868,33.4449,0.03315026394736868
ripe,1.053885551803788,86.8248,45.2371,0.04238164696706299
ripe,0.9967499016646378,64.7029,114.6156,0.0409580517073809
ripe,1.0056366191807595,88.8209,34.6604,0.06214349522860487
ripe,0.9608289134856586,25.7487,44.4594,0.0342898235598383
ripe,0.9604486123942518,25.1814,44.8157,0.034958346639330395
ripe,1.0208561223086714,83.6766,73.7329,0.06239857369540816
ripe,0.9654239162757711,28.1301,41.0912,0.03397940552406825
ripe,0.9846536075400665,8.1111,19.4359,0.21847851608442745
ripe,0.9849284480622418,11.6094,29.5529,0.17828310069561565
ripe,0.9549760902749082,24.086,45.7998,0.032323861152266965
ripe,1.0280281211720828,82.8304,69.2634,0.06041973187022507
ripe,1.0084213234812742,76.4295,83.2264,0.0450829014105515
ripe,0.8576839278314495,22.9086,155.7087,0.14169092418353665
ripe,0.9594934206348663,24.162,39.2468,0.03371628686217749
ripe,0.9550351861081062,11.9487,47.2754,0.13799767387963946
ripe,0.9829305205578567,7.307,22.9073,0.2156698958841899
ripe,0.9450194849095143,12.9307,52.4813,0.16227569132415773
ripe,0.9762620407762955,62.4589,96.0284,0.03472719395169734
ripe,0.8572944470519922,23.3265,163.3356,0.1152903898741852
ripe,0.9626877657664801,23.5086,36.7774,0.03331930371088154
ripe,0.9658655077226936,26.6379,40.471,0.034146917866284765
ripe,0.9624102585768574,41.3255,29.4494,0.07989450543512597
ripe,1.0155793249715335,69.9821,104.9737,0.0500245939463731
ripe,1.0095869975213694,88.5684,30.8459,0.06102242210249649
ripe,1.0224871136440843,79.3885,87.9679,0.04337549999278064
ripe,1.0208531678185395,86.379,62.2553,0.04314023643453735
ripe,0.9776602258501348,12.8441,24.5471,0.156041077909409
ripe,1.0044231249878592,71.4329,98.4993,0.04183962236504876
ripe,1.0396764220251022,85.7568,71.9733,0.051615365923987896
ripe,0.9819176412893122,5.6416,20.3781,0.22820532419201894
ripe,0.9587552918240249,6.8372,46.1803,0.19678375947281637
ripe,1.030603742517185,83.8715,73.21,0.041029135984850106
ripe,0.9746587041022435,10.9823,34.4823,0.19072489085781333
ripe,0.9867401033060106,6.9821,19.8292,0.22067713517775311
ripe,0.9637573923710487,39.7611,46.5439,0.035485687252019706
ripe,0.8849801951772214,70.1477,54.2059,0.04233483199023651
ripe,1.0759680685483217,74.0064,85.332,0.03729758704959046
ripe,0.9859693697134397,7.1246,25.6325,0.218338132240948
ripe,0.96271706065043,25.408,42.8883,0.03443495316916878
ripe,0.9541578495639563,11.5099,47.5848,0.1635749552793723
ripe,1.0970009669107699,71.4826,88.7431,0.03446165985210925
ripe,0.9747325139365305,16.6509,26.3636,0.15862342196210405
ripe,0.9937445319481765,4.9054,14.1632,0.2385515583445613
ripe,1.0293608106267857,84.2376,73.3938,0.04015534833216504
ripe,0.9943538265363758,76.1794,97.2463,0.046481157468031074
ripe,0.9801464324333221,4.5146,21.5171,0.23328169664402723
ripe,0.7529221728569262,124.7874,92.0159,0.06189560565366322
rotten,0.9635965664784294,20.6162,34.6498,0.03075057722727949
rotten,0.9530545494276417,20.5254,39.256,0.030433599849750918
rotten,0.9611459678544008,24.7847,35.2881,0.030186851439289765
rotten,0.8174167516813797,71.4165,95.5596,0.03364496990299744
rotten,0.9688927671986113,24.9164,29.5126,0.03466710255789541
rotten,0.9970639724163285,10.4203,6.3974,0.23654542056190656
rotten,0.9292750893826015,61.7765,81.3442,0.034627907816675574
rotten,0.9657538283995126,63.4271,49.5663,0.03276360785666483
rotten,0.9842231353980552,71.1266,20.5429,0.04236958814575571
rotten,0.9130704545186573,22.7189,53.0833,0.04832421752633925
rotten,0.9689726572044517,25.9329,28.1679,0.03669667559508178
rotten,1.0085979712153605,86.2833,41.5638,0.0361035732267501
rotten,0.9738275488570568,4.5117,23.7455,0.19175569350777036
rotten,0.9703603673329416,6.3815,28.3527,0.20218272426650213
rotten,1.018379668286362,80.5578,57.1615,0.037294449985511575
rotten,0.9592779361694944,6.4377,42.9371,0.1856636582455107
rotten,0.6555939139209377,131.8142,115.0748,0.03739521359372506
rotten,0.9731976371975595,35.2039,32.4319,0.03329147037573341
rotten,0.9544144994707744,20.5845,35.6564,0.03345450641955668
rotten,0.9682573125607826,67.5454,48.9527,0.0552525836444725
rotten,0.9542471617327359,84.9005,35.1073,0.0985267171789383
rotten,0.9678075901358911,18.8745,26.8212,0.11015916665249875
rotten,0.9765447733732909,19.1151,28.0275,0.1927182658508838
rotten,0.9609500519615184,52.5587,49.3399,0.03072302068174969
rotten,0.9739594642636528,26.3853,27.086,0.035607077944510235
rotten,0.9813699829815192,24.3669,25.9546,0.03653324513006016
rotten,0.9676974422164474,24.2734,31.384,0.03189369843396275
rotten,0.9562996107114511,53.7955,45.5097,0.03400094116004419
rotten,0.9688810885366735,27.3017,32.7097,0.03719674716589181
rotten,0.9710647629937617,17.8321,29.4481,0.14748927417154573
rotten,0.9671115050202209,26.0543,29.3215,0.036189970982829715
rotten,0.9776218325544815,83.041,51.6154,0.03172680254609156
rotten,0.9566164084954802,24.1303,29.6531,0.11615790114022147
rotten,0.9687651420283496,27.2678,31.6906,0.03525033332823227
rotten,0.9608405614543559,18.715,34.2698,0.03047720459317468
rotten,0.9735236593894818,24.8401,25.6793,0.03753473058006716
rotten,0.763664089733963,115.5621,97.8148,0.039736104485520576
rotten,0.999185645873212,11.8042,4.5448,0.23462739394407892
rotten,0.9789612304777697,25.3546,25.0049,0.03565893996946191
rotten,0.8555048375866,63.8713,84.3881,0.03243390201301114
rotten,0.9727834918842032,78.6055,59.3752,0.037232969257403326
rotten,0.963992784959424,65.3245,58.4836,0.035143989525279855
rotten,0.9639822303469433,27.6841,32.8653,0.03407383159798432
rotten,0.9759462696980157,27.4158,26.738,0.03644719467578157
rotten,0.9628070164403715,22.2801,33.8686,0.03446522885115416
rotten,0.967205492510575,9.8435,50.1941,0.1548666910449218
rotten,0.9973237277902358,85.1615,37.4586,0.03349582063146992
rotten,0.961374273966205,21.7558,37.075,0.03538875527267845
rotten,0.993794926293271,8.9773,10.7271,0.2310931413723029
rotten,0.9614763548981031,16.5214,29.5509,0.11263444409887544
rotten,1.0030485223379402,88.9266,35.7829,0.034765816540939576
rotten,0.9991556620336266,9.0133,4.7904,0.24988542972232586
rotten,0.9792527782774427,18.1083,26.4098,0.184890583841263
rotten,1.0068194094068674,86.0681,36.5613,0.05676268139680859
rotten,0.9850086865413935,29.2158,22.3063,0.03912055725183265
rotten,1.0201977255144188,89.8109,44.5083,0.03305501474483824
rotten,0.9853210309705718,83.1315,31.8134,0.032549715817317096
rotten,0.9508133773335108,44.5247,61.568,0.032653054983978996
rotten,0.9665176402834725,24.9888,30.7685,0.03851963135471635
rotten,0.9709909565854122,27.7525,33.8501,0.0350750053421799
rotten,0.9749954935398331,16.4225,19.279,0.16629572452251784
rotten,0.8772321100024614,33.6836,117.1287,0.036680158120309586
rotten,0.9756067384690174,72.379,46.6913,0.033942598600719714
rotten,0.9691331219345023,25.7507,29.4295,0.035166233801086334
rotten,0.7043937541435332,139.1572,95.2529,0.057457236266111274
rotten,0.9559849274718579,58.1995,29.6984,0.09615276386121686
rotten,0.8915605761892019,50.9054,98.0461,0.03447541152419053
rotten,0.9669498839910486,24.9495,30.8816,0.033828094829167245
rotten,0.954427831548906,52.4493,28.4736,0.1399821202728441
rotten,0.967995043905562,87.879,35.1301,0.046107895197838
rotten,0.9617730080032514,21.9453,34.9699,0.03457192502249414
rotten,1.0130796221048695,91.6099,34.2816,0.034300903774750445
rotten,0.9667995477439675,7.1509,30.3166,0.19834715524083446
rotten,0.960721999666108,11.7133,31.691,0.14979577429124044
rotten,0.7750647848285357,16.2997,96.0218,0.03934821469508297
rotten,0.9690110346816169,66.1165,50.4018,0.031243559333161256
rotten,0.9700651341405657,24.4538,30.986,0.03523614621027225
rotten,0.9748397315079332,14.5486,25.022,0.16345901013604675
rotten,0.9589743851584681,20.8518,34.0941,0.03616542547431749
rotten,0.9627101975208447,23.1091,32.4997,0.033796390336418486
rotten,0.9518908062014612,19.4022,40.4085,0.0292778414475617
rotten,0.9616142007521052,22.4115,33.4846,0.03503763690311424
rotten,0.9532369319449677,19.9104,39.6424,0.029759334667006188
rotten,0.9726793301954029,23.5911,26.3608,0.035309233916224404
rotten,0.9694139686972049,27.3388,29.3992,0.0367551356918977
rotten,0.9640110609507437,19.0203,28.6242,0.03664467218752862
rotten,0.9861022764721107,83.9029,28.0688,0.04300874329284744
rotten,0.9907980660476619,92.3427,33.0434,0.032381043834167754
rotten,0.9957346295826935,14.6768,6.8805,0.20723975967803654
rotten,0.9636597926960241,26.8887,32.6958,0.031597436601729575
rotten,0.9564935150328613,12.1638,36.1611,0.14698913563824653
rotten,0.9812942738686861,76.6954,38.2431,0.05523513374103312
rotten,0.9759064270057135,26.2313,28.9067,0.030963914478118675
rotten,0.9703429827664929,27.4134,29.0819,0.03832043840702124
rotten,0.9766943470124086,29.4311,28.0308,0.036672878258067226
rotten,1.011745170378018,84.0783,46.5913,0.03405081496481557
rotten,0.9558528178094168,64.0784,68.7195,0.0400952116801804
rotten,0.9999092333978838,13.0727,12.4769,0.1847759237378387
rotten,0.9671890122121682,24.6665,28.0401,0.036848202123420375
rotten,0.9675256872965123,24.5122,30.2044,0.03665850514861771
unripe,0.9276813757832489,21.8977,102.5046,0.060028493228460406
unripe,0.9412421268535432,11.9728,51.5521,0.09499547356687671
unripe,0.9451339702974472,12.2507,57.9625,0.08674124738839759
unripe,0.9493278577096111,12.0613,52.182,0.10519575085423731
unripe,1.0344551905810555,82.7169,59.1271,0.062852159861137
unripe,1.0141417962631005,36.1077,43.5265,0.08387217654617705
unripe,1.0862961086734761,36.2037,168.694,0.08121147701329498
unripe,1.0628589661099916,33.0131,101.3565,0.056401418416239996
unripe,0.9761888391750771,35.3807,63.5841,0.030489801570591994
unripe,0.9442768781142791,12.7976,58.2176,0.09473950600570431
unripe,0.9459920228132355,12.2446,52.5628,0.09419736725739934
unripe,1.0150683631434259,28.1213,102.1784,0.06345812792065814
unripe,0.9554238042745556,26.7413,126.6908,0.052168841270011757
unripe,1.0928291421333125,63.2935,107.0579,0.05271601274227978
unripe,0.944972973052585,11.6376,46.8657,0.111509147595671
unripe,1.0508286553253858,66.3831,88.7218,0.05183494959448333
unripe,0.943042017265727,11.9184,55.7329,0.0918225789134335
unripe,1.0083970344860587,81.3776,68.0982,0.04187949378453877
unripe,1.0551466003218295,68.8154,84.7567,0.0583315009177673
unripe,1.2503552179797899,42.7513,130.1181,0.028178325000631183
unripe,1.0574208974568766,83.6032,61.4494,0.06268953660072792
unripe,0.9396433078732533,11.3542,50.4059,0.09604806087659945
unripe,1.0565965965895958,19.454,65.6553,0.13508516571537527
unripe,0.9477257355548107,11.8422,53.2248,0.10250479012172338
unripe,1.4489312131025458,48.1208,168.0821,0.043478155430306954
unripe,1.0360419692697964,73.0784,71.0113,0.058324437411085686
unripe,1.0607381475583308,63.3231,81.911,0.06426062557409563
unripe,0.9444704377397917,11.2509,43.337,0.11099354034148153
unripe,0.9439093548012939,15.0848,38.0938,0.09777596840782489
unripe,0.9394260497216702,11.2266,50.2764,0.09374703194364235
unripe,0.9501240378911063,12.029,52.3707,0.10431388209545132
unripe,0.9425927076587881,12.1746,54.5945,0.09100587892187838
unripe,0.9553375018169254,12.6518,55.7101,0.10188304077678467
unripe,1.048499948157919,85.4152,60.6932,0.0614946664292415
unripe,1.0594922711281454,78.213,97.4902,0.07303511483480514
unripe,0.9491354477718588,11.9738,49.2754,0.10532464098102279
unripe,1.030901795526439,19.4322,28.9523,0.11947047332770286
unripe,0.9511600881251548,12.333,58.5344,0.10019430122513065
unripe,0.9504757261338048,11.963,49.0806,0.1045179888718454
unripe,1.0318072617895728,43.2434,66.7343,0.03322748861679418
unripe,1.0454491517469688,90.4469,57.6952,0.0610415432247153
unripe,1.0886664285919359,22.3299,89.6129,0.11258826758354876
unripe,0.9423541104397662,10.2382,43.2509,0.11077403124173925
unripe,1.1261987568738177,39.172,142.2799,0.03702947474277435
unripe,0.9513136259145669,12.2545,55.9318,0.10020729513359643
unripe,1.0667651047337434,34.1075,62.5707,0.09340885396071914
unripe,1.0594814493614606,85.3717,61.1812,0.0639286477190205
unripe,0.936576374461419,10.4537,44.7685,0.102587562588723
unripe,1.0300224887387264,77.9543,51.4144,0.06186511132483754
unripe,1.0294113844252308,94.6395,43.1538,0.055910213730362444
unripe,1.047866145988037,74.197,75.6285,0.06456898635696684
unripe,0.9459103558928016,12.5318,52.8502,0.09474004432237122
unripe,0.9429546757172852,12.2292,54.0185,0.09468945030047846
unripe,1.0507307815907942,38.4933,94.5874,0.07837070880610693
unripe,1.034122739480777,76.5479,57.7393,0.05958734764436045
unripe,0.9454951166023046,11.1891,44.3231,0.10859720989805093
unripe,0.9402164822993948,11.2993,49.1414,0.09799424471916413
unripe,1.015311595469984,92.9609,25.1754,0.08950890457601206
unripe,1.061150061469136,66.593,77.1258,0.06141789640850269
unripe,0.9483245945591939,12.5746,57.0052,0.10063862080719495
unripe,1.1974082208566972,49.1416,166.8148,0.043056102931282966
unripe,0.9457780022634378,12.4097,54.3491,0.09764106716998357
unripe,0.7566501819978144,23.2866,172.6758,0.03595308053201388
unripe,0.955557044218084,59.2234,39.3148,0.10273775351782319
unripe,0.9506606430892437,12.5748,49.9807,0.10447367131395856
unripe,0.9482479605045955,12.2986,59.2278,0.09433486099115312
unripe,1.0423228693976982,91.2808,44.4467,0.03483610195985322
unripe,0.9457277817089246,12.0137,56.183,0.09967357723094439
unripe,1.0301185501918286,79.9257,61.9627,0.06103910221534099
unripe,1.0458824870726946,90.292,58.064,0.06184457938441372
unripe,0.9516962752365623,12.9078,57.377,0.10573012814597468
unripe,1.0245788859105602,22.2554,45.1768,0.11614978259687724
unripe,0.9654075069979564,101.5066,39.2933,0.10103592429407646
unripe,1.1396010985288845,24.2462,75.368,0.12196948797557809
unripe,1.0330383318213254,17.6395,72.272,0.10866307559441922
unripe,0.943051982127213,11.1634,50.0001,0.10194833003988495
unripe,1.0132010778459535,96.3614,24.0225,0.09546639198260942
unripe,1.0513014982643984,85.8121,64.9709,0.06156161140875077
unripe,0.9542180261236471,12.5829,57.832,0.09929278925495139
unripe,1.0468844419203716,88.4098,57.3301,0.05575028250491993
unripe,0.9449021355943389,12.8184,54.2987,0.09701272080566396
unripe,1.025130144344957,84.577,54.6102,0.038942983959844274
unripe,0.9463834187203997,11.9715,54.4227,0.09835728746801209
unripe,0.9423540616233106,11.8833,52.7961,0.0975300363892969
unripe,0.9467811223781362,12.0279,55.9172,0.09899013081130961
unripe,0.9530288400339308,12.7931,56.457,0.09941629644089182
unripe,1.0396060641123757,90.9957,53.6771,0.061988127889391
unripe,1.1935944660069673,40.0943,146.2257,0.03943937118779795
unripe,1.0306905910823525,73.8621,54.1808,0.06656384904070566
unripe,1.0332012349616364,13.511,53.4359,0.13753770390775277
unripe,1.3569437732511502,44.9656,167.9684,0.05326374000605472
unripe,0.9490699834306796,12.275,52.6185,0.10149270908759823
unripe,1.0210539529364755,31.1113,110.038,0.10344961091207464
unripe,1.0339975891647637,71.307,57.843,0.06874916726080914
unripe,0.9446792302784256,12.3644,50.7402,0.09336352605946634
unripe,0.9476775254858972,12.0216,49.3512,0.10522427475533186
unripe,1.0295395806588845,83.0266,54.961,0.03466632371278571
unripe,0.9475468034941614,12.2211,53.3071,0.10501971242483085
unripe,1.0199557788301863,32.2153,153.818,0.08472484876684254
unripe,1.0396020994912238,76.3494,53.7122,0.06139286602893029
ripe,0.7823220902719614,36.5917,153.5171,0.054602380895009656
ripe,0.943534850635868,35.1751,28.6617,0.05198967204608445
ripe,0.997360715228293,75.2388,70.272,0.03927301872394744
ripe,0.9757559339455842,53.9771,43.4217,0.09201024941987072
ripe,0.9699099135337679,6.186,43.0148,0.21334957696441864
ripe,0.9054623345394797,58.3563,31.5449,0.03543622440030618
ripe,0.9136751635638688,45.5215,34.5483,0.0400935156811984
ripe,0.9271706911325835,79.079,73.2039,0.04131931751201298
ripe,0.927292754682535,61.2244,86.1405,0.046133783711877936
ripe,0.5475089459143053,7.725,158.3547,0.033496208737342215
ripe,0.9471939932940994,34.8744,57.4549,0.032556289711636634
ripe,0.981210211499725,4.5433,29.3165,0.23041237377663124
ripe,0.9504978808516651,56.1733,24.2489,0.04559859646506846
ripe,0.9274047760033303,78.6565,57.3711,0.047572176737536165
ripe,0.5454519036273008,5.494,142.5168,0.04369022773593922
ripe,0.9761666726886407,74.1157,63.3523,0.045769946466879576
ripe,0.964514304111993,72.6172,66.4185,0.0461562996737598
ripe,0.956515620120581,39.4875,22.4245,0.04151871866586491
ripe,0.9549582735500212,69.9042,79.3269,0.04211398817074064
ripe,0.9883698204449096,3.0874,18.2592,0.2504645164238909
ripe,0.9669072866859565,70.9135,58.7949,0.04548151272315254
ripe,0.9524201092513012,70.3548,71.1002,0.04174187345641692
ripe,0.9167921055104677,68.2456,85.9299,0.043775997985388435
ripe,0.9747466763647368,4.5341,30.6636,0.22764939707724938
ripe,0.9383447772171726,74.8465,60.2916,0.052554676285251734
ripe,1.0068406868473303,8.2681,37.3818,0.211480008490295
ripe,0.8531984751402245,15.2119,105.4057,0.05537121995573879
ripe,0.953183642858342,73.1798,73.5233,0.045241441174996205
ripe,0.9985708413055864,8.529,42.7522,0.20612489900907777
ripe,0.9165048234204097,29.1437,121.9507,0.03502758912278454
ripe,1.047497740926707,72.0227,37.0008,0.04203301083251882
ripe,0.9813466275858723,67.051,52.1004,0.04221781614015025
ripe,0.9664855172705815,70.3448,82.8311,0.04332336551590396
ripe,0.5636959598104914,6.9353,138.7489,0.04123236592362823
ripe,1.0069609859690682,57.5581,27.2623,0.11204021598287554
ripe,0.5313773774667601,6.5547,154.5246,0.03555682775146206
ripe,0.58336445359358,10.2239,135.3547,0.037837441770205156
ripe,0.9876301703686666,3.5369,21.4831,0.2449311862299322
ripe,0.9490742036430213,25.282,69.966,0.03171094447976728
ripe,0.9417189753973891,76.5724,52.6964,0.05624155047086964
ripe,0.967727724165748,50.0976,43.4801,0.08573910425546653
ripe,0.9780819707049293,97.3566,56.7031,0.08055451569404531
ripe,0.9685323203359353,4.9505,35.802,0.21630001847120325
ripe,0.9727751574892379,64.9893,88.1285,0.045864888526838066
ripe,0.9628271031668655,56.5505,37.0979,0.08941940504387644
ripe,0.5536305762868823,6.0354,143.8153,0.03805711496829904
ripe,0.5603754391806394,7.6273,131.3342,0.03502073671062203
ripe,0.6718194502850352,27.7934,178.5559,0.04384379089010831
ripe,0.9706394392734966,9.0628,64.3442,0.18081478920005742
ripe,0.9277136749453837,74.7868,55.5543,0.048708007550355675
ripe,0.9698775875947633,70.6518,72.5717,0.045736134506335804
ripe,0.9335880598202916,9.3651,65.7949,0.17041597341268125
ripe,0.9010050659580892,65.0089,53.1537,0.0526406116933095
ripe,0.950573392670271,32.3669,59.7444,0.03129182001424916
ripe,0.97263503493759,6.1621,43.1642,0.20009491745667204
ripe,0.8410231636644294,47.7679,55.3887,0.042975597722784725
ripe,0.9813166120258529,42.71,28.1703,0.042276210800431785
ripe,0.950901430732454,74.1002,39.8717,0.07415907226294087
ripe,0.5286565516716771,11.2317,157.2765,0.038320725459029405
ripe,0.9824215058299146,6.5198,43.668,0.20959432242122888
ripe,0.9591464823787527,68.2547,79.4548,0.04086592712353405
ripe,0.997648877940062,74.8643,73.3331,0.04481740732793765
ripe,0.9236877940576641,43.71,26.7463,0.04353428533490533
ripe,0.95941191439058,70.4812,73.1063,0.04205508292283198
ripe,0.9477831128462677,42.4844,28.6096,0.046317275390192605
ripe,0.936908435794642,46.3417,31.7324,0.05836067168323893
ripe,0.9961988868841004,7.2226,43.7908,0.21287293860643025
ripe,0.9054103746273737,37.1988,37.882,0.050013858074534935
ripe,0.9676542241908297,70.0925,76.5524,0.04226206336234405
ripe,1.0156784408810136,55.35,27.6583,0.07891390244281751
ripe,0.5207689636862551,12.4714,203.197,0.05387858572215328
ripe,0.9515382002897426,67.8206,74.1161,0.044959537359671835
ripe,0.9341131900173525,81.8825,47.2885,0.05652245570886886
ripe,0.9735031337727597,5.196,32.0778,0.2208684676232518
ripe,0.9555789724492783,67.6141,74.7048,0.03932897150562987
ripe,0.8321054226846806,14.6496,141.9439,0.084746350945416
ripe,0.9831518686343752,75.2457,71.7549,0.0411315693799986
ripe,1.0114183440174684,77.3374,56.7296,0.04382811882360249
ripe,0.9362151683449241,64.1957,74.0977,0.04585197923295699
ripe,0.5603754391806394,7.6273,131.3342,0.03502073671062203
ripe,0.9817167427616201,6.5785,35.5296,0.21719332860510565
ripe,0.5582920290552087,6.0065,141.7347,0.04134256885654493
ripe,0.4911661558302006,7.3806,172.5657,0.041760363978912036
ripe,0.9993058640614595,6.0176,29.0324,0.22429652692348628
ripe,0.9860401545477737,54.6904,28.6367,0.10784498132817258
ripe,0.5503771192985311,10.9598,149.8571,0.04112184333978474
ripe,1.0041565361828195,10.8531,59.8164,0.18347951382447866
ripe,0.9899769406646303,10.5286,55.0716,0.1837052911411385
ripe,0.9959744578661964,74.8211,68.3323,0.04928742232572272
ripe,0.971007719317329,67.6107,74.9059,0.042891864026083755
ripe,0.976393946947221,91.5088,26.9557,0.06731020724298706
ripe,0.9721046242980407,7.0144,37.2635,0.20756644235372737
ripe,0.9292401980669311,75.0781,51.8968,0.05267847757334104
ripe,0.5764081108323877,6.5225,134.2281,0.04240306592264757
ripe,0.5338045466351495,7.7229,156.3679,0.03621996686549593
ripe,0.9550850141597781,53.4418,42.6377,0.08162924720140038
ripe,0.9799460500981143,6.7945,45.8102,0.20168588942180501
ripe,0.7645779909252606,46.9,76.7415,0.05799431005993029
ripe,1.0097464725858225,59.9843,46.794,0.07349893876049898
ripe,0.9669566252768026,68.6016,67.9664,0.04177638088263447
rotten,0.9266789341521598,60.9304,32.6738,0.08146540369182907
rotten,0.5917514789748366,7.4043,143.6228,0.030531393676240307
rotten,0.9610203705101998,63.472,26.7278,0.09557631504809669
rotten,0.9742382113564808,61.828,39.3937,0.07927582228361349
rotten,0.7328408478503161,22.5648,168.2426,0.030238320056132893
rotten,0.7679084187572708,17.5618,135.9202,0.03864119562981161
rotten,0.7826467557638145,29.1296,145.3663,0.0323838539984088
rotten,0.8265806392203133,19.2332,84.6778,0.03686415602896948
rotten,0.9908501613208072,68.5339,20.492,0.0939923932998468
rotten,1.030961681187423,75.5617,28.85,0.11257232340795625
rotten,0.8650946492223681,24.5056,152.6111,0.029223244170167015
rotten,0.9933470808421596,81.6739,33.3405,0.09733028304749432
rotten,1.105535405105829,42.4016,108.6144,0.02709863464924262
rotten,1.0059058940438255,44.4286,49.4682,0.07440028225008906
rotten,0.8327202308692025,41.5038,113.9785,0.03531603035096889
rotten,0.7532414314638415,24.3777,158.3821,0.06127200012443814
rotten,0.7867819837129874,19.4835,126.0989,0.044787877819771824
rotten,0.9105609525696914,76.2531,58.5764,0.06821260879829628
rotten,1.0940181097774286,35.5724,123.6538,0.034623171428398165
rotten,0.8936546222225571,32.3788,75.0221,0.06940159939826086
rotten,0.5437309439144621,10.7514,131.0729,0.03724379142518361
rotten,0.987130570324542,5.7506,31.8533,0.2152928191805983
rotten,1.1246534833242412,36.9704,114.129,0.02856637883661127
rotten,0.9474192135571161,87.6207,45.0893,0.09147877348503493
rotten,0.9465285379232863,37.399,32.6646,0.03370516280590842
rotten,0.9232747586283825,94.1015,31.8679,0.09654856807915732
rotten,0.8023917031884528,20.9192,108.2818,0.03141470992708071
rotten,0.8558825459039622,68.9473,62.3544,0.06840763114641582
rotten,1.0103088454628666,72.4393,29.3131,0.11818709742271515
rotten,0.9177079501157775,84.8395,36.9949,0.0859463437181748
rotten,1.006725077244442,65.5618,32.8126,0.09214854311545967
rotten,0.9966944693671317,73.2792,43.656,0.05258760309661307
rotten,0.6559172614480482,20.0901,159.3596,0.035363710209053024
rotten,0.6865762675931084,15.9398,144.507,0.03223361599002195
rotten,0.9497224985071279,27.1057,132.7651,0.07411207728097681
rotten,1.1997363676137165,42.4292,140.3296,0.03252079334500436
rotten,0.8098136791200015,61.3316,110.5658,0.026547165571093455
rotten,0.629954037416917,7.3776,121.3412,0.03190855684289668
rotten,0.9959483538409959,69.4623,35.1514,0.07932889762716602
rotten,1.0344691903790957,48.63,88.0155,0.06244865089991964
rotten,0.9143596105554176,63.4055,44.2732,0.07585194789093617
rotten,0.8411314377918321,22.2719,133.8386,0.031435903037806266
rotten,1.0198502262566231,36.4988,128.441,0.029245854404153348
rotten,0.9452168938648119,39.8452,31.9377,0.04265705099553971
rotten,1.0014091636098175,80.3625,33.8721,0.09845645737106971
rotten,1.0195548050976622,31.7717,144.9627,0.03170504691368486
rotten,1.004996480466279,47.0356,45.447,0.0767584522956373
rotten,0.8511858515069503,36.4793,146.5342,0.05024736808525438
rotten,0.7606601587412102,37.4795,184.459,0.04024326030127401
rotten,0.972397240188774,46.8192,21.9779,0.03252113158837612
rotten,0.9138276103231192,58.733,33.2849,0.07459491939057994
rotten,0.9575990050502287,42.9925,27.4374,0.03276403515724679
rotten,1.0059058940438255,44.4286,49.4682,0.07440028225008906
rotten,0.9681871275150772,36.2326,36.6762,0.029155514055320495
rotten,0.9888998640682454,19.059,24.1869,0.1800646050547285
rotten,0.8770687316738306,27.1174,145.4115,0.03185768352842086
rotten,0.828268291015075,24.1799,150.683,0.03302293142320798
rotten,0.9400234469739612,80.3354,30.2112,0.06851335635524787
rotten,0.9460658973666612,34.2656,32.8479,0.035719294502339016
rotten,0.773591708617991,19.9653,166.4206,0.04059980295112688
rotten,0.8802685132451334,20.3757,117.9498,0.030546390945795605
rotten,0.8158628731051678,19.2634,126.878,0.039734040817468355
rotten,0.979201181303657,63.8441,35.4241,0.11027545510025276
rotten,0.9920662651892136,45.1921,48.2021,0.07099360533873443
rotten,0.7155184271914672,13.9134,153.2359,0.035780581322051634
rotten,0.879989300378511,69.7232,46.8237,0.06251083105525376
rotten,0.9790097770766988,5.5728,32.7986,0.21240937830278694
rotten,0.9927292922902723,75.5601,54.0527,0.0806499472950796
rotten,0.5730553930575787,6.2964,139.2266,0.03170015772514421
rotten,0.6924720853494905,16.8615,143.2861,0.036275501371267324
rotten,0.6670563015841675,40.0114,109.0989,0.030915012531274384
rotten,1.0208653157593348,82.4064,37.5422,0.0734317914729142
rotten,0.9518208607507569,73.5203,27.0423,0.09080351313881496
rotten,0.9941858996266904,42.4089,39.1596,0.09014156642956067
rotten,0.9742382113564808,61.828,39.3937,0.07927582228361349
rotten,0.758742538126604,20.681,163.5909,0.029230566190703775
rotten,1.0218086823324806,47.3342,38.5951,0.05754499108817131
rotten,0.8614961035271181,21.9547,135.0588,0.03519019749521633
rotten,0.875597883982669,76.6549,62.1399,0.05611607612235728
rotten,0.9789006683044781,68.6068,25.2888,0.08785462992043341
rotten,0.9390094413778394,39.1069,35.3761,0.037871942116996626
rotten,1.0016762153504082,76.028,35.334,0.08624133578808067
rotten,0.701384535042302,13.6619,149.6721,0.030547012944204147
rotten,0.8427312061176274,24.2627,163.8636,0.045799825322597854
rotten,0.9793977198406063,42.6183,59.0648,0.06474862160047519
rotten,0.8008061201702753,23.9035,161.1195,0.03284859205177893
rotten,1.0606008687208206,46.4155,76.6507,0.029734088178775164
rotten,1.1382796800357047,37.8431,124.3595,0.0424001179201243
rotten,1.0286760932974714,49.6353,30.331,0.09908718382331969
rotten,0.38925192948863746,5.3177,185.129,0.029214756542358854
rotten,0.8454083915575877,27.4558,97.8578,0.03634424300677921
rotten,1.0201193240440953,74.1726,28.463,0.1196487358777218
rotten,0.8990837252121847,72.9412,57.8782,0.05452335278947399
rotten,1.113280768560071,35.2566,116.1167,0.037683152730577034
rotten,0.5711592658126012,25.3971,176.6377,0.02943032449407874
rotten,0.7301629341735837,26.5109,158.4147,0.03421774393156026
rotten,0.9219997979748379,71.683,37.3946,0.07784180110190238
rotten,0.9311783730187227,33.2349,36.3978,0.03542038960470479
rotten,0.8565249898111739,16.8525,97.0466,0.07693026711780186
rotten,0.9204667848129917,70.9938,44.5746,0.0676126763195017
unripe,1.028581506713178,9.501,21.8704,0.21781230908860855
unripe,1.0202150735915205,36.5236,39.6498,0.07144915674085317
unripe,1.0417506811258854,12.7991,20.5776,0.2104541850169338
unripe,1.050032175481816,50.9638,110.3873,0.046976462186489126
unripe,1.0122647815976724,7.3803,22.969,0.21829394400777488
unripe,1.042003827305611,11.9474,24.368,0.2117460554320498
unripe,1.1497247764166538,38.1336,175.7092,0.0747071348592875
unripe,1.0442648828736207,10.9518,22.5159,0.21979496807328877
unripe,1.044515392592011,14.2346,24.8867,0.19774798606352265
unripe,1.030098922652982,10.6152,16.0084,0.22193925292779687
unripe,1.0414589283389828,46.0267,114.8796,0.059132529113007405
unripe,1.0337168130125982,12.7518,19.4149,0.20278909731979014
unripe,1.0403122770048736,12.6387,24.201,0.20283252695702383
unripe,0.9830622964971085,36.0478,155.2192,0.04922491238707674
unripe,1.1395884530733429,39.3052,156.6066,0.046636981029704296
unripe,0.9726175145174025,43.1633,80.7081,0.03765047144082645
unripe,1.018094754378419,11.361,22.666,0.19493543544568814
unripe,1.0034478950101007,7.3386,10.399,0.21811295236754133
unripe,1.025758108714236,8.5645,21.977,0.22276022533225173
unripe,1.022898481200601,10.2064,19.6667,0.20767304589516275
unripe,1.0323283300584576,14.7033,24.0593,0.18037777023095936
unripe,1.038406340349408,13.1832,17.8831,0.21404996610800134
unripe,1.0415037740827326,13.9305,24.6419,0.19394020210486904
unripe,1.0101583237572809,8.2176,14.3707,0.2187381950881709
unripe,1.033400590277833,11.6701,27.4837,0.20179012857881862
unripe,0.9219867334214118,19.3178,78.5492,0.06294961476615618
unripe,1.0320311221101819,10.9066,24.2067,0.2110377454179527
unripe,1.0327103136900848,9.0652,29.7781,0.21761422745429307
unripe,1.0143364969700028,7.8835,21.0575,0.2201754345750328
unripe,1.0276675521394334,12.0075,28.4131,0.19447482611493938
unripe,1.0300316071714555,94.8563,28.8521,0.1493402825614693
unripe,1.0432456652716335,11.7629,29.6865,0.20411054355830757
unripe,1.0284892339211942,8.8873,23.0773,0.22147486988412426
unripe,1.0268266038109721,8.7533,17.2183,0.226636559252313
unripe,1.0386548173023895,12.8087,32.5614,0.1910950391629687
unripe,0.9084941099946212,21.9708,142.7326,0.05051451276108339
unripe,1.0330392453857862,10.7548,28.2728,0.2081612836032046
unripe,1.0483878057372902,47.0378,79.164,0.0554930986644655
unripe,1.0328321419873001,9.6875,27.3086,0.21578389187028643
unripe,1.1572649894585798,43.0682,160.0217,0.03250132304674277
unripe,1.0334958551501985,11.1683,24.4659,0.2063926597325603
unripe,1.0316109273930951,10.5209,26.9823,0.20868981765119665
unripe,1.0288880177808115,10.2456,22.604,0.21206118926151013
unripe,1.0289089463932468,10.3944,31.921,0.20378792405757043
unripe,1.0263977267602888,8.9376,29.4867,0.21691819193094272
unripe,1.0381775696802324,11.211,23.975,0.2112610848951452
unripe,1.0235469467159548,8.8608,20.5697,0.21877697774315133
unripe,1.0388089375653469,14.0895,16.3563,0.20121897025852756
unripe,1.0203522522999524,8.609,18.1166,0.2147017186488749
unripe,1.0320606150856897,10.9148,20.4064,0.2113095028413764
unripe,1.0354267236880361,13.5575,21.0515,0.19772525380482117
unripe,1.0289812048210984,11.2823,21.4332,0.20894364788446793
unripe,0.9645478608240668,21.4327,71.4451,0.10889219438338314
unripe,1.0377244439602145,14.3389,56.389,0.17299339870068642
unripe,1.0217534935315207,9.7031,36.0954,0.205056675072016
unripe,1.0557435799806514,16.9299,32.728,0.1736608648889219
unripe,1.0319940987235452,11.6892,18.7523,0.2110083173505137
unripe,1.019727540764404,11.0528,28.1343,0.19537353964231144
unripe,1.0618990385538456,18.2685,40.46,0.16347230344818464
unripe,1.0386826745242237,11.1524,27.5553,0.2107558966935834
unripe,1.0567753555183703,50.9875,79.6981,0.061274203375067185
unripe,1.0414812015027242,14.1004,22.8914,0.19623703522092414
unripe,1.0197337970166314,10.1136,25.2301,0.20413543051529723
unripe,1.0295070344420332,9.8846,16.2763,0.2236725552900805
unripe,1.0873379443351723,24.1212,51.9208,0.12740113028051908
unripe,1.0194490335347952,8.4882,27.2623,0.2148344199395647
unripe,1.0457536702547545,11.4255,29.7241,0.20763524746867407
unripe,1.0279545810957917,8.0318,16.335,0.23237436603291775
unripe,1.0391848906586212,11.2177,32.3059,0.20632477309205025
unripe,1.0383204192986177,12.9466,23.6946,0.20324885237495924
unripe,1.0253138698424393,9.4681,29.2715,0.21060288694870563
unripe,1.0275002360213263,8.9237,20.2557,0.2237708381134265
unripe,1.0240701248191932,8.5807,25.3017,0.2226955769432373
unripe,1.0073699938155678,8.2013,10.4096,0.21878833147685534
unripe,1.0272678951039376,9.0009,20.3734,0.21871505204359565
unripe,1.0355139827229465,10.4285,24.3555,0.2130978929762513
unripe,1.0306933086643115,9.7808,26.363,0.2147790725158622
unripe,1.01950142609662,11.6755,18.3131,0.2000452598588539
unripe,1.0204021710387443,9.5171,20.8717,0.21323817198359654
unripe,1.0307291312408289,11.0681,32.5501,0.20244835388760993
unripe,1.0090537041317345,8.5772,13.4774,0.21628193172487717
unripe,1.0306021080888375,10.8307,22.5449,0.21042629111198094
unripe,1.0227528712668936,9.0268,28.9655,0.2137301663099149
unripe,1.0297025300789662,9.779,23.4774,0.2184593783531737
unripe,1.0128036338559956,6.8835,11.8589,0.23314594568451882
unripe,1.0926467156347424,48.2051,80.9095,0.05687767575554565
unripe,1.0439534633598517,14.3112,50.3746,0.1779616082015049
unripe,1.6078625065596954,58.6977,133.9635,0.08380282810618875
unripe,1.0069285893671724,7.2495,9.2706,0.2261954862276591
unripe,1.3873209963285902,47.008,168.0811,0.03841775630753071
unripe,1.0366485094172204,23.7231,37.5237,0.14309088019823274
unripe,1.0255302248291083,10.7179,22.1298,0.20166336303817403
unripe,1.0329289945287823,9.4092,25.6558,0.21848683253334217
unripe,1.02448689140583,8.7948,19.8181,0.22112910254016857
unripe,1.0287966153955361,9.7478,18.8592,0.2189059341142127
unripe,1.0501375092697152,48.4565,86.0352,0.059167203747514115
unripe,0.9203948701596583,41.4083,79.7281,0.048402871810786514
unripe,1.028060062266483,11.2102,26.698,0.20058581204051562
unripe,1.01844358113775,8.8681,15.379,0.21902462873020842
unripe,0.9203948701596583,41.4083,79.7281,0.048402871810786514
ripe,0.8887092659775692,81.3136,89.0155,0.03417949677462137
ripe,0.8407944306882267,79.3064,82.7689,0.031640353977156734
ripe,0.8887252453177756,45.9257,109.1271,0.04893025648329637
ripe,0.8569456127187801,87.9284,65.7618,0.049520258475795026
ripe,0.7742609059374687,65.4782,85.6738,0.05812359245026352
ripe,0.7772993536768236,28.4568,112.0538,0.05599258878970471
ripe,0.8568335601832908,18.2671,105.517,0.06742219218544328
ripe,0.9161563765497261,75.383,63.499,0.06085822868979392
ripe,0.9808084526393323,63.1289,60.6854,0.05306269875757235
ripe,1.0429288018787246,70.7068,107.9731,0.057261173576379235
ripe,0.7966674793460303,73.4744,109.4519,0.04202239878501492
ripe,0.9295545997412572,73.7572,76.2109,0.06389970265332512
ripe,0.9176493508295331,58.7904,55.929,0.03937458570816876
ripe,0.8498452568896011,76.6006,86.5349,0.04316572714118626
ripe,0.939992568176283,74.6342,57.6915,0.050739452100757865
ripe,0.8425311844560043,89.5786,86.1497,0.04973135831148551
ripe,0.8367114326356738,52.3276,75.8466,0.06779769906922133
ripe,0.9308599052405888,41.8503,63.8287,0.0748602831872762
ripe,0.8171942043903149,15.9385,95.7999,0.06751664979164991
ripe,0.8359989904611776,41.477,119.3722,0.07040302549612966
ripe,0.9115128406138006,90.5973,57.0117,0.032124227613961505
ripe,0.9870324792418527,47.5431,41.2146,0.08566313091717091
ripe,0.8482542642943481,81.0776,72.0569,0.04657518652207578
ripe,0.9220944878307986,46.2252,98.65,0.05771613292082006
ripe,0.9415847859516143,48.2144,89.1855,0.0618199320546024
ripe,0.9153136330282434,75.9697,86.1598,0.0350586080692628
ripe,0.8378302549669634,78.2406,81.4737,0.03267065961664266
ripe,0.9704070365831308,51.5737,75.1048,0.05671721078611528
ripe,0.6760379240587907,9.8286,138.125,0.06853714320761066
ripe,0.7444968167891829,61.8232,101.6182,0.058402910880518785
ripe,0.849883404863474,82.5106,75.2918,0.03487446056581742
ripe,0.8496550708257614,73.4023,87.2453,0.04891388350480348
ripe,0.8935809290227081,90.755,63.9195,0.0418473416079177
ripe,0.8921638750713704,94.1927,52.4103,0.03061182777640994
ripe,0.8644629351902883,85.2936,67.7462,0.05452058326362165
ripe,0.9767379801388367,53.0904,76.145,0.05581324215073853
ripe,1.103751482099382,84.9616,82.9649,0.0534384318578761
ripe,0.9500189077454753,50.1084,90.2433,0.061647108604053175
ripe,0.9058971668724366,80.6293,79.1849,0.042562659687074116
ripe,0.840399513441242,77.5402,77.3073,0.05807696616839944
ripe,0.8383012543343726,75.7134,90.0641,0.049392873975018584
ripe,0.891514487720096,78.9855,93.0564,0.034568106684645154
ripe,0.9923569353137398,67.2198,94.2314,0.04188505699708583
ripe,1.064426693621202,78.2249,105.0303,0.04774915705584763
ripe,0.8574737217024033,77.2085,93.7761,0.036496766976454195
ripe,0.9041163928689497,73.5986,69.5426,0.0538396136633637
ripe,0.9639798490006454,43.5648,39.9965,0.08143820969712905
ripe,0.8088335590034161,97.3419,75.9316,0.07332663908106413
ripe,0.8964541445654484,43.7815,105.8113,0.05344696436121217
ripe,0.9937778516076063,73.3539,76.9448,0.04959108790405938
ripe,0.8680073550652986,86.4786,65.0983,0.040034285302468574
ripe,0.8671993978248025,41.7972,59.9516,0.04928975552296951
ripe,0.8964513999573502,88.548,61.7567,0.03306339365191302
ripe,0.7174056130813666,69.8863,82.7532,0.05506726794924112
ripe,0.9753675005530928,67.9021,84.8843,0.04835899088620731
ripe,0.8325022191824005,78.1527,87.0777,0.03342382383535088
ripe,0.8600646026886719,84.9074,74.7388,0.034002264627062254
ripe,0.8972681578616147,55.8714,63.8309,0.03793734307660661
ripe,0.8917845696747319,56.6865,60.6085,0.05253499785331693
ripe,0.8981892337676434,47.5265,103.4177,0.052985545193368594
ripe,0.7656320864450413,13.8771,128.0286,0.0551466952717184
ripe,0.8308722105263957,75.2813,105.6412,0.042609365163504706
ripe,0.9794574498534183,42.0617,46.5678,0.06954368410598287
ripe,0.8771825047935002,78.3942,96.7866,0.03521332133940228
ripe,0.9225451064405669,64.031,62.9498,0.03746747922824856
ripe,1.0318430243874173,58.4935,39.1122,0.0561380263223575
ripe,1.0990882444711432,81.5289,94.9861,0.04890828150243674
ripe,0.7931916696649494,87.6961,81.1494,0.06774112487316865
ripe,0.8546235262423878,73.92,69.1199,0.04482858462630823
ripe,0.8814431894065808,79.0964,74.0172,0.04554845770808347
ripe,0.8408431092388872,75.4186,95.539,0.036477198353682294
ripe,0.7805881955390361,90.783,83.9915,0.06414729923525249
ripe,0.9012053539416846,57.1136,59.1062,0.039167537575052896
ripe,0.8442302481554355,78.3352,88.6588,0.03351772664986861
ripe,0.7556030888745527,12.8226,110.4676,0.08211295877418796
ripe,0.8503442868531012,78.6201,65.4104,0.04361002177962805
ripe,0.7805475442507464,87.7309,90.1812,0.058499641018689666
ripe,1.0163605582063808,69.2336,93.1556,0.06133750890970012
ripe,0.9014336075803134,75.9263,74.4921,0.04909030453682304
ripe,0.878103311037816,74.7367,66.8446,0.05188385104694536
ripe,0.8538986774343483,78.8833,83.5521,0.04551401981352223
ripe,0.8350693730230351,78.0017,88.5115,0.03273701268878481
ripe,0.8705360881730594,82.3753,76.6039,0.03374569601848872
ripe,0.6928958151515817,29.3217,125.2374,0.03873824982752667
ripe,0.8793488938752436,48.0198,59.2367,0.05513575971537899
ripe,0.6702954626465333,19.1838,180.2844,0.03781502346573389
ripe,0.9812298034620344,68.9021,61.8632,0.05281675869875088
ripe,0.9216278172244987,48.2517,100.2609,0.048376213158244905
ripe,0.9432956535098308,52.4106,87.7377,0.04729691321378807
ripe,0.8340215672157812,78.503,98.4667,0.04323311230557175
ripe,0.8685678709215847,65.9854,68.3096,0.050612547846237435
ripe,0.725657055811125,52.1108,112.7754,0.044597869899830486
ripe,0.8698620507147665,101.5506,62.8524,0.04298620708588322
ripe,0.9467358896220164,58.1685,97.5558,0.04788740961402443
ripe,0.904334134403392,54.4068,58.3354,0.036741910670649754
ripe,0.9736467743447625,42.7165,47.9107,0.08831335119018047
ripe,0.8857920708943138,78.5441,78.9974,0.04312894619194838
ripe,0.8459145819700038,76.5738,98.3261,0.036759923826495365
ripe,0.8573712385724802,82.2436,75.0268,0.03404673258578808
ripe,0.6892206615395897,23.5561,113.0167,0.02902202611520333
rotten,0.8843959517150544,68.4659,68.4423,0.032521408330336364
rotten,0.8921103523442199,82.1681,60.7835,0.02969171601345534
rotten,0.7430791047995208,55.0061,91.1049,0.03007720066460761
rotten,0.6760411022436766,18.0733,188.6248,0.05056492855219552
rotten,0.5975674123296266,21.5739,147.3919,0.032798810950777586
rotten,0.9177282726767625,82.5092,61.7595,0.03173556364394007
rotten,0.8949329785775003,72.6853,66.522,0.030510916076280255
rotten,0.892370656546308,79.4773,69.3423,0.032477499900531795
rotten,0.9757682928126792,35.8548,19.4162,0.1374468915480509
rotten,0.8201461805963283,56.0139,91.6805,0.04359772929430898
rotten,0.8281471498858971,16.4383,90.6227,0.07574995708812243
rotten,0.8931621920666294,6.2336,48.0122,0.11398452525409539
rotten,0.88209497342958,79.611,66.2956,0.03143402614687434
rotten,0.8186039601000188,25.7686,100.3331,0.050739136763302425
rotten,0.9024644906264114,75.7036,72.3486,0.03133601761238353
rotten,0.9092409391426045,76.4469,51.1513,0.045329041458970376
rotten,0.7978787695508684,17.9106,109.2524,0.08192893261026613
rotten,0.925105729837676,79.0668,70.636,0.03356834818358856
rotten,0.9292912901324064,78.9013,54.3181,0.03252297649029761
rotten,0.8909014800501346,72.5107,76.5879,0.03413060210085694
rotten,0.9076681213164589,83.9328,62.4595,0.03200456217158956
rotten,0.9042615951445724,38.7411,59.7143,0.034863218436583146
rotten,0.9098247345581206,71.6897,51.9821,0.03797275338596892
rotten,0.9061298913312457,37.8828,61.4122,0.03358690220568702
rotten,0.7841534725795392,41.3087,131.2551,0.03813866803795183
rotten,0.8435912771233475,60.8094,82.9574,0.05388112841635153
rotten,0.9369695017175231,70.8476,41.7619,0.029980360234997772
rotten,0.9069300715747179,73.5793,61.794,0.030119993356881026
rotten,0.7205829570036991,16.081,119.5449,0.04409907028057456
rotten,0.912938542633957,87.5539,53.7004,0.032934662587964396
rotten,0.7212224411729293,44.3593,95.3866,0.041584396107844916
rotten,0.9257039234830914,66.3893,47.6399,0.03397301870262881
rotten,0.98409301543158,85.3339,46.8717,0.0753247635168225
rotten,0.9085736452406371,79.8346,67.054,0.029627217213644034
rotten,0.8976185694841562,67.6571,56.3732,0.03659647523645057
rotten,0.8877033335723613,81.904,67.3155,0.03157590853484017
rotten,0.8186039601000188,25.7686,100.3331,0.050739136763302425
rotten,0.9177488581162723,20.6849,55.4173,0.05681682848729212
rotten,0.9090511759231886,34.487,56.1357,0.05927459826348301
rotten,0.8901353767371666,62.5914,55.7801,0.03320876390020314
rotten,0.9265604181655054,13.1948,44.8369,0.10460394828978303
rotten,0.8262620417790679,52.3444,109.3722,0.03723911921249816
rotten,1.0015851046389956,78.0009,107.7857,0.04564344421254092
rotten,0.8375632981031942,43.5456,84.0623,0.06065818987790615
rotten,0.8754528473195332,80.8373,74.2273,0.03645449217495992
rotten,0.8944254554680351,82.5846,63.7355,0.032290091356195795
rotten,0.8743526665969437,69.5787,109.7944,0.028365084167671428
rotten,0.9030462360804477,79.4651,72.0758,0.03193806506030057
rotten,0.8220758949009253,53.5338,108.7429,0.042298747022130136
rotten,0.901414163288881,69.7402,57.7825,0.0372597638173183
rotten,0.9515168732596484,88.7019,49.2938,0.03227968401009533
rotten,0.7813549578607184,47.4073,128.4563,0.0352155647370871
rotten,0.8323305031669839,19.8187,107.9293,0.050321943518643435
rotten,0.8704423214801914,31.1956,60.2529,0.05909642966627952
rotten,0.9159028347713694,79.6484,71.5655,0.033414338236402295
rotten,0.9341834555355217,83.1615,61.5838,0.031026472564690166
rotten,0.9021590356562078,76.7306,61.4601,0.029531407007211477
rotten,0.8991401364067217,48.0116,60.9718,0.05737366991348604
rotten,0.9090910516721179,86.1705,62.493,0.03556886278399931
rotten,0.9129757306893513,78.235,82.2376,0.03241021443603722
rotten,0.8819170686186937,78.0146,67.2088,0.031302204392087696
rotten,0.9176342976732287,78.8106,50.6966,0.03199306174462345
rotten,0.9123253057248913,76.9018,63.0922,0.03203860171409959
rotten,0.9467961097770746,81.5554,67.6014,0.033135207857812085
rotten,0.9918215627295814,29.8905,25.5242,0.05039490053062979
rotten,0.9930173600084272,80.651,111.6402,0.045249596678760516
rotten,0.9350255273729109,76.1639,64.1477,0.03232686189210135
rotten,0.8775229706432953,35.8546,71.8733,0.031781189401877186
rotten,0.9521126104034724,90.1141,47.1593,0.03357129726082377
rotten,0.9432312478479277,77.9251,63.8769,0.03117826165464623
rotten,0.957672026911654,76.9359,75.2339,0.0567926227546758
rotten,0.8887260262784646,72.8534,84.2594,0.030976991458307974
rotten,1.0106027934802724,86.4691,32.6657,0.033315371824099715
rotten,0.9230920058921687,77.6457,53.0936,0.030005232873949454
rotten,0.8936271720737484,81.6509,64.3334,0.03315297874671559
rotten,0.9329044988781494,68.9012,43.4584,0.034050521284821944
rotten,0.9064232808290468,76.7057,55.8251,0.03385607773754593
rotten,0.8772807884771734,82.3318,68.118,0.03072217439914092
rotten,0.884765373240125,70.0972,64.9827,0.029928247523382658
rotten,0.9085638533112808,37.9197,60.9211,0.03648788839784685
rotten,0.997183461712918,31.2738,25.5242,0.05245558120400233
rotten,0.9323687420266381,76.5969,75.393,0.03282803679455206
rotten,0.952727812936049,69.3514,37.6531,0.031022636893202983
rotten,0.9079792969467203,82.528,60.696,0.032142246340188724
rotten,0.7605952467497231,12.8546,106.7858,0.03745389164985985
rotten,0.7953839105051599,14.6995,91.1521,0.07247429888553247
rotten,0.9065608510868526,72.445,55.0591,0.03953717237850176
rotten,0.9188687979063438,81.6994,69.2417,0.03160268975578272
rotten,0.8973023431716739,73.0668,80.2502,0.03307509636843418
rotten,0.8876185518873707,79.6005,75.4361,0.031261829757781925
rotten,0.919305955435436,42.5837,62.4036,0.04434762676408578
rotten,0.9052828433902663,60.912,46.4366,0.028966049089100734
rotten,0.8854046647906271,75.0574,73.1941,0.03317083055607651
rotten,0.9008787510960057,64.6308,54.6924,0.03846159122688687
rotten,0.9237588389541396,81.1978,72.3567,0.03247460546009882
rotten,1.016129495014942,43.7043,30.4896,0.03602621267550091
rotten,0.9294770505478928,26.9162,40.8421,0.05704605156668732
rotten,0.9220825299753204,15.7433,65.4571,0.09707080919676858
rotten,0.9344088348487765,79.6725,48.0231,0.03142833116476998
rotten,0.9361950642164187,18.3486,46.009,0.08327450989716524
unripe,1.3944086932059678,66.9334,124.6115,0.030787464978630934
unripe,1.288711213387377,102.8283,77.8189,0.049471001602054955
unripe,1.0266428331731303,37.2207,77.8474,0.0395843403341096
unripe,1.0441118053894705,37.4616,94.0461,0.0360796895737706
unripe,1.1893232269943912,36.331,223.9051,0.11773724982870794
unripe,0.9575585408707961,28.9984,106.1445,0.02973587059131035
unripe,0.9691186389075486,31.4448,115.6503,0.03174369228364066
unripe,1.1264480948522149,38.4083,112.6629,0.06007573552839932
unripe,1.0071231467115214,27.0628,62.838,0.056062839736954015
unripe,1.0341801820642493,42.5333,96.3412,0.038488361873477143
unripe,1.0381424933764378,34.5439,115.289,0.03691525429585245
unripe,1.4710094365509125,68.4828,133.6715,0.03380600538027868
unripe,0.9867582397483242,37.6449,115.2303,0.03957380446313928
unripe,0.9402539908583903,24.8263,113.7788,0.037849517826697376
unripe,0.9703493323984506,52.0987,71.486,0.036325720911443565
unripe,1.0434473963932076,39.47,93.341,0.035100370364906305
unripe,1.0355599606020696,36.7164,105.352,0.035362126629346034
unripe,0.9180595695184739,53.3597,99.4437,0.03403098587711468
unripe,1.017590112327031,35.1947,82.1374,0.037307318313189335
unripe,0.9480957394542173,26.3576,149.1287,0.03644398441079635
unripe,0.9883541447144947,70.6446,53.449,0.036364928155236585
unripe,1.0453904644381056,47.7524,98.7036,0.03414258337863227
unripe,1.5210493221991424,46.9961,224.1821,0.07871687238934694
unripe,1.0406026558164783,36.1691,103.7973,0.03626496931939927
unripe,1.6731554166688414,50.9983,222.814,0.03627456408748189
unripe,0.9769014068735121,35.682,102.8131,0.032591808783612404
unripe,0.9865490644478844,36.746,121.0458,0.03708916283397185
unripe,1.0550764114912379,34.6108,99.015,0.03715128530379476
unripe,0.9667489926126698,35.0818,107.6179,0.03614991009309202
unripe,1.0076576996248348,20.1071,33.3349,0.14278586063025442
unripe,0.9853049186544924,33.9261,72.586,0.04127435038446136
unripe,0.9723726412300607,51.5505,76.4649,0.037883505641808916
unripe,0.9686432131501584,29.6556,98.3532,0.03606494142155043
unripe,0.9366724950198706,33.5793,118.2399,0.03707052737317282
unripe,0.9816473479813065,41.8511,69.8241,0.030725787212229162
unripe,1.4467844628026976,47.7763,173.0847,0.043705743325310936
unripe,1.0524788385787398,37.7713,74.5552,0.03864129914613858
unripe,1.0490178201191647,36.4611,113.7142,0.03474487012148065
unripe,1.000419596538222,31.3256,25.9866,0.09120268635482408
unripe,0.9637447474782954,31.9608,103.3077,0.035569678094508526
unripe,0.9939982476150394,35.4616,107.9671,0.032772702051939356
unripe,0.9873449226433617,33.1391,121.7711,0.032293962280764185
unripe,1.0357736213555708,33.6271,109.1365,0.03758337397995951
unripe,0.9923777071592971,34.8975,108.1988,0.03150396800089633
unripe,0.9739600760316541,33.7103,111.8295,0.030730538553873844
unripe,1.032381170499691,28.9291,85.7071,0.030692213993317546
unripe,0.9946087864823746,21.3628,67.0008,0.1277260114336043
unripe,0.9411598189495054,33.0781,115.7591,0.03761531602574964
unripe,1.0389756336973142,38.8511,108.2273,0.03087869815599908
unripe,1.064626852817934,42.0351,151.9138,0.05409811456432357
unripe,1.0384879009129788,41.5533,107.5485,0.03313010715015089
unripe,1.0687612802023312,38.1571,108.2285,0.03638609624204293
unripe,1.0356053217564363,36.7755,104.0274,0.03195459278094122
unripe,1.0062708309563346,36.3804,51.4148,0.03120118587177893
unripe,0.9530094465571047,45.6806,109.1631,0.04726939812979557
unripe,1.015807396604716,19.8896,42.1384,0.12837192059287783
unripe,1.0356085011152,36.7152,97.0629,0.03901609923730905
unripe,0.9693200697048385,31.2842,113.7727,0.0332738636136318
unripe,0.9235756358568888,31.3417,183.7497,0.03094097606425064
unripe,0.9723908174739002,48.0586,73.2188,0.03246290190031125
unripe,0.9589332840820939,30.4772,106.0586,0.03049153980719985
unripe,1.0644717077329207,36.3442,107.8409,0.035549317852066435
unripe,0.9819808982392675,25.2335,76.3009,0.03384169026173114
unripe,1.0317124165300988,41.2947,108.0153,0.031097588327820343
unripe,1.0318099486344983,38.0421,88.0434,0.03086515834739016
unripe,0.9741775106902727,34.5123,96.124,0.036100554008759334
unripe,1.0438976666376385,36.0038,99.2422,0.035191135243869534
unripe,1.0413044811701335,36.8293,97.031,0.03739783415814719
unripe,0.9914906271970224,57.6938,68.184,0.03035895254806507
unripe,0.9953928475680935,44.9903,72.8715,0.03756753917569976
unripe,1.139516937684268,37.0465,78.7643,0.028387602925200088
unripe,1.0335965711872535,35.2288,108.6602,0.032190837202420663
unripe,0.9669704800053309,33.02,167.9552,0.06494429920444478
unripe,1.0048071881320477,45.6318,55.643,0.04498092928781422
unripe,1.0936082624961756,63.6856,104.526,0.04095175209517403
unripe,1.0300789116741618,36.7668,90.6518,0.04309607870361926
unripe,0.9933338482316165,34.0169,123.7118,0.03204219093312222
unripe,0.9955991687864683,36.2582,99.0674,0.03256574887497437
unripe,0.9742905998338146,24.2132,75.8458,0.03234087197016823
unripe,1.0467702482462942,40.8399,93.1243,0.034991999082006044
unripe,0.9599545716288382,29.1482,102.8093,0.034034012395959684
unripe,0.9992714101823204,47.5556,57.6193,0.029646416306599654
unripe,1.0341997586876823,44.3158,96.6243,0.04087184849827443
unripe,1.2074982114793624,45.9159,180.7546,0.044862166684161355
unripe,0.9564595705259943,27.641,122.8665,0.03449718828777193
unripe,0.9487757747962435,31.2357,109.8521,0.041630805897236424
unripe,0.9785332119121153,52.9654,62.3025,0.03601591314600493
unripe,0.9902361402966373,29.4009,125.8244,0.042554788210468375
unripe,0.9790478385306947,49.5625,75.5374,0.03028567317753653
unripe,0.9931781141954079,33.3707,104.8362,0.032597177788690306
unripe,1.0620785088238136,41.7546,108.1206,0.03772927245144412
unripe,1.0167859319389467,31.5161,51.8795,0.03408973452181137
unripe,0.9651479294513666,29.344,133.9358,0.03788828314549098
unripe,1.0132766634274073,89.5645,59.943,0.032215306917557605
unripe,1.034409500081691,34.3579,112.0813,0.03375597724510589
unripe,1.00058253718722,71.5492,55.2413,0.03646549053192694
unripe,0.9859602260879731,46.6199,72.9779,0.035345381590105106
unripe,1.0395795228397169,33.4353,117.5616,0.03285057076801205
unripe,1.0464429773423647,38.3342,94.97,0.0351165772784502
unripe,0.9530394999554609,28.283,116.1373,0.029762358774513154
ripe,0.6604113953966979,87.1592,102.9296,0.050387161058073386
ripe,0.8710979752842322,4.995,46.6701,0.13155802520765694
ripe,0.21333451154158356,146.9823,211.4814,0.11385305440526176
ripe,0.36742540630320353,59.3181,166.7,0.04197785129860236
ripe,0.9499040361961857,99.8529,100.4134,0.0603873331028178
ripe,0.9150852933783106,102.2191,103.8333,0.05257836056256512
ripe,0.5331490579189171,45.6781,198.4012,0.04731012576132461
ripe,0.8834383724902478,32.2159,119.4806,0.04787393862574519
ripe,0.8851163753671416,54.7318,32.2171,0.10132590980566923
ripe,0.8216007937216342,18.165,104.7525,0.04055591201873093
ripe,1.3380881425311364,45.5257,235.534,0.04584947109378215
ripe,0.3553533945754999,41.4416,206.6747,0.04286399420997226
ripe,0.6130328578558665,11.7703,99.1759,0.07050313467503315
ripe,0.4701086681221879,24.5998,210.1564,0.051981496702765154
ripe,0.9240384534153222,92.6784,76.6575,0.06000286659218817
ripe,0.8265245795146448,18.1717,73.4015,0.12841903284444137
ripe,0.41303569341017893,40.1076,167.9053,0.03720475775654453
ripe,0.460793205835319,53.6898,157.6307,0.05650536257171905
ripe,1.0396471235022908,103.417,111.8663,0.028314342652437815
ripe,0.41942132799713194,57.0144,169.188,0.0683909643086317
ripe,0.9266591316946432,102.3145,104.0432,0.050866432934524926
ripe,0.8525259439061075,13.5024,73.6068,0.03282828048778158
ripe,0.343028810516154,90.1626,184.7182,0.06271149814199509
ripe,0.8814381682686766,29.9202,186.2981,0.02638821706483279
ripe,0.9387145044649964,100.3714,101.998,0.0639681483175933
ripe,0.7887549235627803,53.0999,81.7907,0.040472978636028105
ripe,0.9156266574317251,103.3406,104.925,0.0560088564369297
ripe,1.091102092506621,70.6114,122.1509,0.02556450664239956
ripe,0.8596375343927785,111.6717,108.271,0.06314640131632607
ripe,0.8707930211555529,14.0075,78.16,0.12227317774970049
ripe,0.2607975411597427,112.8043,231.1583,0.17748202160697865
ripe,0.8713014943612514,17.4386,78.681,0.053312118692015645
ripe,0.8648605599517639,96.7023,55.5683,0.05289168176037225
ripe,0.8851163753671416,54.7318,32.2171,0.10132590980566923
ripe,0.8536127232547396,74.3445,51.9842,0.05201286378828734
ripe,0.7387379102691272,39.6015,202.5866,0.08157912722424143
ripe,1.014081940823842,65.8693,105.4884,0.02989525045590444
ripe,0.36830213724927846,43.1056,208.9929,0.03556394241007373
ripe,1.1591936657637385,64.2163,131.1754,0.029387106013135756
ripe,0.1357626909051077,64.1745,239.0394,0.048000708323306926
ripe,0.9242436918661094,31.3674,66.5774,0.04021994529678616
ripe,0.840184110417756,11.8099,53.5327,0.16552013773109486
ripe,0.6736520038769946,44.0824,142.706,0.032673230629775375
ripe,0.3818678449693637,20.2539,220.6372,0.07889874522928104
ripe,0.9010335277752686,93.373,80.5703,0.06219167146191231
ripe,0.9284719566625166,95.3777,91.8685,0.06095270296924455
ripe,0.9425139850432642,41.1374,21.2385,0.09280782293684806
ripe,0.9766148575176204,56.9927,159.2298,0.03400317631881993
ripe,0.6931006937127214,48.7395,146.9873,0.06702302588738875
ripe,0.097346344896005,5.0231,253.7291,0.09136048378993324
ripe,0.9945669987900713,49.8051,77.1181,0.027496108812862827
ripe,0.3492718999443609,93.6453,192.4942,0.03934900252471886
ripe,0.8669434950456996,47.6964,44.5778,0.07595356475404041
ripe,0.7303589202950077,68.3187,120.2995,0.06698513267212806
ripe,0.8529032293264619,35.8796,25.9581,0.08215977116965428
ripe,0.5985412655623429,68.1176,160.66,0.045118554936886705
ripe,0.15571264258177103,21.4819,155.1062,0.1159893874339773
ripe,0.8028966259450709,54.9858,189.3604,0.028840006931927925
ripe,0.9285521450912307,97.114,76.4746,0.060058271697399024
ripe,0.9915394459027077,63.5655,134.7669,0.042176486335922164
ripe,0.8935810964973637,84.769,73.0323,0.06247175361088766
ripe,0.1930425575069165,118.2192,216.0343,0.05697645127024617
ripe,0.43466710889553906,11.343,175.9681,0.03299593914078297
ripe,1.0987219336883993,39.4182,188.0946,0.025545410544156193
ripe,1.1188603854278982,48.9326,133.6521,0.029477652549451987
ripe,0.9593429064599138,36.5979,141.0258,0.033696320270511906
ripe,1.0125992707568463,109.1089,81.9731,0.03211488751021443
ripe,0.6818809212053639,28.0486,182.2448,0.02516215411830579
ripe,0.8780136451608811,18.4428,81.0841,0.05172684022308792
ripe,0.9252767415217821,106.8291,42.6997,0.04898066965161031
ripe,0.9537760688663476,40.2202,174.2986,0.03471383009347989
ripe,0.4626888419949034,20.7449,189.606,0.031860602627649406
ripe,0.8982916503115351,64.3106,114.6617,0.0549237471354302
ripe,0.5901411366429239,139.8452,132.9415,0.032679534877143056
ripe,0.9959165692312517,31.0545,118.3321,0.03585877855899207
ripe,1.1311108707814883,58.407,140.4913,0.028790554003600224
ripe,0.9150019790842882,15.1268,43.6333,0.047783114167489704
ripe,0.41088459665443705,45.3203,166.5806,0.0668006736426178
ripe,0.9625268296518329,99.5252,28.6203,0.0363221695350944
ripe,0.876765036637311,13.505,60.9819,0.038924388237928396
ripe,0.9355825558134372,100.993,99.6967,0.06338045439405261
ripe,0.8067703609647268,51.5257,141.5622,0.03319864454732407
ripe,0.9425139850432642,41.1374,21.2385,0.09280782293684806
ripe,0.979644363620434,101.7568,96.6193,0.052431765175799505
ripe,0.9350547700879027,35.3098,164.373,0.027949311258844412
ripe,0.9288796290066932,89.5232,77.5007,0.057922758906400425
ripe,0.8862194405501171,81.586,75.3768,0.061519005187365326
ripe,0.844174100961948,17.4536,77.8815,0.029859470856357827
ripe,0.7641964902532249,35.4283,84.3524,0.03518016486249704
ripe,0.8954124185648894,15.5232,54.9339,0.05302450376418133
ripe,0.9139459966527302,94.2415,77.4968,0.06315148453680546
ripe,1.0260548333861368,51.9233,92.003,0.06917946226332525
ripe,0.4656150914001096,66.6409,173.6126,0.030684719321051147
ripe,1.0330072614509984,59.6289,161.3996,0.03206799026746654
ripe,0.28753953367337826,111.118,206.8977,0.03486846712657208
ripe,0.8245712431943172,18.8261,106.6651,0.03745199593772633
ripe,1.165736017658803,42.9497,162.3321,0.040454764857463736
ripe,0.7314960544148166,27.7408,195.3925,0.03363822230400551
ripe,1.0157877324214777,61.8693,103.3397,0.027743287473658593
ripe,1.0473794113589354,51.5075,153.0767,0.030029685310033527
rotten,0.9371319408667664,21.3517,44.9317,0.07645512408485727
rotten,1.0011699832233592,102.2882,42.8314,0.0612504040741747
rotten,0.9651590796528747,29.2339,70.3719,0.07490150865555348
rotten,0.9588425179871314,15.9445,35.4639,0.0723092110242829
rotten,0.9248169081759043,9.0604,33.7961,0.03747303029805775
rotten,0.874244294140676,96.2176,59.3701,0.0736788572041823
rotten,0.9730659230125818,33.0358,77.7467,0.07235693469843021
rotten,0.860219268398416,94.5324,68.2799,0.07782577978272127
rotten,0.8769022329812354,23.09,94.5538,0.032375762536044794
rotten,0.9075719381922344,99.8224,78.7091,0.07365322802779957
rotten,0.9612249635708905,15.8474,29.8442,0.07083750418384607
rotten,0.8915137262972669,50.1809,50.835,0.11326959873432059
rotten,0.8762513242676593,15.7376,62.3495,0.03536195695588561
rotten,0.9529736654122818,13.2878,25.2213,0.08486749671434583
rotten,0.972675536650839,118.6998,15.7481,0.05738036248876002
rotten,0.9538279744761013,32.8636,72.2519,0.07366600300623527
rotten,0.9596399272516272,108.7806,16.1604,0.07626510341458095
rotten,0.976594018627558,23.5301,68.4814,0.07200631915993913
rotten,0.8967876722583253,95.1212,67.7284,0.06776546317322393
rotten,0.9094353656631444,98.0478,50.3116,0.06953035307714973
rotten,0.9736100359118578,115.8729,20.1057,0.07132482035716987
rotten,0.9501643623640452,16.967,42.0587,0.07413722411110854
rotten,0.9626766095873434,16.3768,36.1407,0.07708543311684489
rotten,0.9536600951280777,15.5691,27.0183,0.06649741347688358
rotten,3.8668740580849055,84.4331,218.1601,0.11213587292871585
rotten,1.8765559111524053,90.8284,193.5302,0.048374931519661844
rotten,0.9445431817342473,70.1515,83.4246,0.07626389708660818
rotten,0.9842861995710095,103.7951,63.6757,0.0681531217118558
rotten,0.8221345554100757,26.7036,74.1783,0.06591863165396372
rotten,0.9347957536500611,20.6694,48.4782,0.07614287884523709
rotten,0.961237079164959,133.3566,14.2471,0.07329530680013256
rotten,0.9418797754585073,72.9848,63.7033,0.02983544871159087
rotten,0.802742527898365,78.3201,85.4182,0.07684524708021286
rotten,0.9998963378665021,109.5839,51.505,0.05981677021776076
rotten,0.9718387091061029,30.8474,75.7618,0.06957969530712055
rotten,0.9873811882064133,25.9572,45.5913,0.07524256773175482
rotten,1.0319204539178417,111.1958,46.9667,0.08267154285867104
rotten,0.9890219076127306,107.8714,51.9288,0.0602872125684468
rotten,0.9667232019060322,54.5097,23.8169,0.17681054831018314
rotten,0.9738241061608254,108.2407,54.2902,0.06925354863861337
rotten,0.9757134918414162,115.7384,18.5899,0.06160936616490107
rotten,0.9483125352167779,123.3393,22.0875,0.13285227885313092
rotten,0.9288690139016557,22.2244,50.6626,0.0766493052729441
rotten,0.9465976018566744,21.7624,21.2289,0.2005207869323235
rotten,0.9289759623725452,32.8447,41.8163,0.12498933553257867
rotten,1.115920191907248,110.9611,79.7295,0.06447940755906865
rotten,0.8533082058006345,104.9076,65.9207,0.07291717218143211
rotten,0.9015770989508464,67.8449,44.4106,0.03083037462973646
rotten,0.9715232921932285,122.6666,44.9266,0.06175219833526037
rotten,0.9412809679262857,14.2162,31.1319,0.07455467791418804
rotten,0.9850295874719992,65.0171,12.449,0.15691716921699614
rotten,0.95920510898531,23.5637,31.8632,0.07607383254998103
rotten,0.9035809764145649,23.4857,57.0567,0.06864505808182823
rotten,0.8008743548741092,82.1424,61.208,0.03219664578481235
rotten,0.969676427395117,36.7096,72.1005,0.06743721523825286
rotten,0.9605453882696923,101.6617,66.5674,0.07784295728444607
rotten,0.9334979529147801,39.4793,28.4395,0.15323665356338118
rotten,0.984538227309495,103.4452,46.1645,0.06763624767153385
rotten,0.9073278631927627,47.3335,42.1133,0.08105874412230858
rotten,0.8804423482320278,88.8265,61.5946,0.07040428963499773
rotten,0.7780839981613424,25.8643,87.1577,0.06547851555390144
rotten,0.9053329302394407,5.3007,40.3778,0.19330357987509375
rotten,0.9608403714468219,115.6175,27.4818,0.13209258115621147
rotten,0.9674609695013885,28.1215,72.3501,0.06561050220154584
rotten,0.978559793713109,20.0018,36.1447,0.093369031259066
rotten,0.9829001994596872,116.8872,48.122,0.06688213512669401
rotten,0.8859305060873484,18.612,83.5123,0.03459167529566447
rotten,0.9679275634898094,97.5785,64.8841,0.07518668764395324
rotten,0.9592330853515276,39.2757,29.7551,0.14066054882604048
rotten,1.0094912472812079,105.1525,64.3636,0.06376132055711282
rotten,0.9687147126470954,21.3175,62.8116,0.0653102901474715
rotten,0.9578904347274191,16.2782,36.7888,0.06373755564176826
rotten,0.9629252354713087,79.5975,21.7207,0.07335065097818788
rotten,0.9725089764699545,31.537,77.6371,0.07099323910762202
rotten,0.9592704410428331,13.3917,24.3453,0.17762757667009277
rotten,0.895848323993222,25.7821,56.011,0.06923262236143717
rotten,1.1358209769301668,110.2361,82.4123,0.06400159372375627
rotten,1.0258813827449542,105.583,63.561,0.06468945817645294
rotten,0.9588257816161772,117.2079,18.3709,0.06191684745877539
rotten,0.9750774270896483,121.6398,43.7863,0.0692979509007269
rotten,1.0038948629318245,109.0112,58.7653,0.06284406097007197
rotten,0.9525259210570354,41.1797,87.2146,0.07444334757983173
rotten,0.9655991852897912,114.8096,19.8228,0.061136437574105244
rotten,0.9797365087865549,108.1127,51.7639,0.06714770285794025
rotten,0.8889921141184169,20.0216,55.6373,0.07240783106095239
rotten,0.9947639369277848,108.835,48.5784,0.0650671345546525
rotten,1.0005324159095257,113.7653,37.7063,0.07440244618890467
rotten,0.9919527859604765,114.8011,32.5918,0.07745844046196669
rotten,0.8766021925718884,21.6026,57.0746,0.06763815490597755
rotten,0.9884780115936905,112.4332,52.1651,0.06360801835610669
rotten,1.0007783030608386,109.5676,36.5842,0.07333032114292513
rotten,0.9687494938252268,16.7385,34.8896,0.059093620631178026
rotten,0.9742127631594689,120.2141,11.9982,0.07158272137167729
rotten,0.934708872743078,67.5132,68.7908,0.028900934238064814
rotten,0.9286967193076738,36.8643,30.4136,0.13602651945962357
rotten,0.9797986954986276,115.5237,18.0606,0.06497097812989854
rotten,0.9396901321691411,5.5468,20.8871,0.19144282173189447
rotten,0.9917585333348929,110.2439,53.4562,0.07468124261743736
rotten,0.9272139667311972,19.8966,52.158,0.0728778978767758
rotten,0.8841213134321833,24.6756,60.0613,0.0647197342327846
unripe,0.9767749250187467,116.3124,15.9633,0.08830883307144483
unripe,1.0768389907786495,55.7678,33.19,0.08669771622422762
unripe,1.0453113519205948,101.3807,57.719,0.07381764016080568
unripe,0.9956958362546077,117.3098,46.4182,0.045978277475099034
unripe,0.9267504139085884,85.2441,80.1966,0.0793710652488679
unripe,0.8071150481728508,19.244,127.0001,0.036298650109012065
unripe,1.0304677200057963,57.6157,55.1391,0.0761711756430186
unripe,0.8916334133572094,92.9139,71.7626,0.057580743303094754
unripe,0.6551583383416826,11.8464,139.1541,0.035211645797264685
unripe,0.9894771852937511,126.5101,29.2646,0.0760805756999929
unripe,0.9401363644992555,90.2403,71.4948,0.05573650508758769
unripe,0.9827744088073371,114.7506,36.7804,0.058953829386265394
unripe,0.8459989793198125,19.325,103.1376,0.03432252904091412
unripe,0.8351554745477431,20.1221,105.1692,0.03375402197919728
unripe,0.8648249529973185,19.6258,94.8684,0.039419335353214964
unripe,0.9170963006511778,15.4861,46.1724,0.043864587079045655
unripe,1.0669106985209094,110.0022,108.6279,0.0610388400877249
unripe,1.0185848394822465,102.4298,50.8425,0.04173650679742631
unripe,0.8527853149617716,19.7399,100.8896,0.0328181656980489
unripe,1.0196155603050143,102.6197,76.676,0.034106744197700045
unripe,0.9827713930401035,92.9566,14.4888,0.07584066190935862
unripe,0.9490706502361327,20.802,39.0656,0.03482883862200103
unripe,0.8443285202177845,19.9057,109.009,0.0351152958089973
unripe,0.8377938829708506,20.3724,103.3363,0.036242074992159354
unripe,1.0015206882432088,111.5354,43.1539,0.04762472046685815
unripe,1.6229450505355378,50.4097,173.6621,0.032911730428273805
unripe,2.209245258123579,49.5493,236.8319,0.04331987995856726
unripe,1.0399758862634898,87.448,77.6579,0.06099080257920881
unripe,0.9202571059937992,82.7696,79.9739,0.07391887444291342
unripe,0.9505441413894589,95.5835,75.9177,0.06568759395149916
unripe,0.9974220815892446,26.0238,40.6268,0.0746569621595017
unripe,1.1004747573881193,41.2053,84.7791,0.028665589124168667
unripe,0.7029875673144655,19.1266,200.009,0.03368711919670537
unripe,0.9797657923074741,108.0543,13.3729,0.07586158447362541
unripe,0.9975834476055132,106.4469,26.4721,0.0748575847785598
unripe,0.8679633720248402,21.1218,98.0914,0.032720849618948916
unripe,0.9985945628912876,116.8344,47.6988,0.04646445953164861
unripe,1.068480039350974,107.0765,98.6571,0.06213681677739698
unripe,0.9817497007683597,109.7258,47.7475,0.044140525592819155
unripe,0.8350521231050214,23.4657,102.9366,0.030665681140518028
unripe,1.1292828882924257,34.2658,219.792,0.056919293735534345
unripe,0.919274050647742,85.7708,82.8321,0.07020598264403273
unripe,0.9521108924060032,97.8489,81.841,0.04735975083920323
unripe,0.9914436419793422,106.8204,41.1972,0.0678751648180584
unripe,0.9397583652213752,23.2511,39.5684,0.03259300538133204
unripe,0.9054834513638315,95.0149,64.4984,0.04679115300526498
unripe,0.8858734603060423,14.7693,60.2308,0.0501119546565264
unripe,1.7096806931195276,48.4308,196.0546,0.054409888801649944
unripe,0.8412933784568424,22.8801,100.9025,0.03206081720409542
unripe,0.978654398454864,88.5686,70.0028,0.06065884930712172
unripe,1.5570001557063544,45.155,198.737,0.06475736250930313
unripe,0.9320501344240797,18.0174,40.2319,0.041712084575720024
unripe,0.9584061047092111,89.4433,83.6165,0.0673292952517205
unripe,1.023732297228061,64.823,86.7284,0.08351541174301325
unripe,1.0020115770480162,116.816,49.5365,0.053901298680263075
unripe,0.9326316974003145,18.8254,41.0599,0.03444839618563775
unripe,0.9270804044440671,91.0587,78.003,0.05468489736117196
unripe,0.9852045667360602,103.3674,54.6827,0.053729154091820906
unripe,0.9026330606297127,98.6213,82.8808,0.06357412995229794
unripe,0.8396345719072448,19.0318,104.2054,0.02919506807372659
unripe,0.9835665575471783,117.3717,51.6749,0.05519818837054919
unripe,0.8525801776207489,19.8662,98.9022,0.035499887320214855
unripe,1.0715321866184206,105.9188,96.9917,0.06507615538085375
unripe,0.8765700168921948,22.0515,89.7565,0.03179094210302468
unripe,1.0301010750959616,98.3472,68.0214,0.03649624637868399
unripe,0.8251320316393296,19.2294,108.6918,0.035357234051180714
unripe,0.8417567605001123,20.4652,112.32,0.030013530279189713
unripe,0.8361455899298259,19.0537,101.4556,0.03686016819994539
unripe,0.9719387023627606,143.7376,13.0936,0.07538852697104058
unripe,0.8386198316127754,19.1572,111.4458,0.03515494274995802
unripe,0.8588589329120647,20.9212,103.8256,0.032259882203626536
unripe,0.8327048295967554,20.8984,125.0616,0.034009292844289975
unripe,0.9763543741196693,128.5543,16.5249,0.0783484779607894
unripe,1.014408804617718,87.3996,61.7854,0.08566820879726735
unripe,1.015398374022789,32.242,58.1211,0.05538929498907172
unripe,0.943083640213768,101.639,58.4167,0.04349114852037945
unripe,1.0198073576915168,104.2359,50.9696,0.057708352942480945
unripe,1.007748283886662,78.923,58.9539,0.07735490933873068
unripe,0.9967518942032895,111.8221,54.5192,0.05647976628282032
unripe,0.9177688969907017,15.8681,48.1106,0.048991305346152696
unripe,0.8289925409120659,18.6522,116.4336,0.03377007550734698
unripe,0.9710971042236374,34.9986,14.4171,0.07576194294533388
unripe,0.9838850062522644,117.4679,33.9173,0.06656650808863103
unripe,1.0220847779233997,81.6917,15.9314,0.033811477337900464
unripe,0.9260948001202511,100.4012,76.0697,0.040056335325128006
unripe,0.8386857771492365,19.3833,105.9875,0.037471482486274514
unripe,0.8357586190311546,20.2907,110.3461,0.036064885965990036
unripe,0.904502411990402,15.3848,53.8066,0.05107345689767142
unripe,0.9837281933632475,90.1683,23.1131,0.0737469728118536
unripe,0.8460840470281265,18.8294,96.4407,0.031431862811523076
unripe,0.8453561948304884,20.4431,105.5878,0.03443652130751341
unripe,1.1351637566823078,54.3272,118.0962,0.10049931342044072
unripe,1.003537195026597,108.6462,42.8555,0.0455087903551148
unripe,1.1164994929979462,107.0779,65.1767,0.06958465347353246
unripe,1.0175383681341514,99.8703,76.0751,0.06228669199134012
unripe,1.0131572364314452,109.3968,42.78,0.054214721242593814
unripe,0.832404561024106,21.4332,110.645,0.03338502658044603
unripe,1.005907502146351,116.5128,47.5384,0.056430364161177644
unripe,0.8348468883039339,19.1006,105.409,0.03560662859281167
unripe,0.8062426110355652,18.6322,125.8462,0.03367901423398768
ripe,0.5375195336787,70.9748,136.5464,0.04479732134401163
ripe,0.54586176667137,9.1377,150.4321,0.03730713068197065
ripe,0.512571908315611,12.2263,188.989,0.05596522133766272
ripe,0.7636865432573539,43.5458,74.0535,0.14390758838872297
ripe,0.5440500468708651,19.6159,150.8597,0.06123843563686104
ripe,0.7747838096620112,132.7996,73.2713,0.08009064863463836
ripe,0.3256477404438111,150.7833,154.7307,0.06362248029737945
ripe,0.7467401261979648,26.7363,210.7845,0.025147087303970708
ripe,0.5965425513562614,51.852,131.5092,0.036559814000247264
ripe,0.5065163688623259,31.4081,66.7902,0.16569051872243423
ripe,0.3045129428383043,39.1446,191.6414,0.06934719892712463
ripe,0.8812786011989405,13.74,40.0697,0.16671564412028397
ripe,0.8129040404248843,88.0661,68.0901,0.10575186049315305
ripe,0.6921857139812901,49.8824,95.5853,0.10682210444340537
ripe,0.7824559238543076,36.7883,64.7567,0.1808298979523577
ripe,0.6763045756072609,66.8532,98.8167,0.10682384564186843
ripe,0.6547044806700454,34.9274,102.4464,0.028713376670728024
ripe,0.5326104956378084,30.6211,155.8584,0.09647975952570742
ripe,0.6213386570934287,70.8054,96.3215,0.027777724886060767
ripe,0.8254708440662629,72.3385,67.7676,0.08858618401551394
ripe,0.6815985085768714,64.942,92.2465,0.10536438676222468
ripe,0.3259022435994913,38.4248,202.0397,0.03320156622479625
ripe,0.28200063347002174,29.5707,215.1801,0.06571725800074321
ripe,0.9104940894796818,37.7195,128.8196,0.0347299006586366
ripe,0.8442533347490478,15.4779,62.9736,0.17309746963490674
ripe,0.6372119378694973,24.7683,118.6389,0.046396767124116174
ripe,0.9381142620713306,38.6599,23.5523,0.10822856368656714
ripe,0.7152477534784187,62.8192,90.5603,0.0706520204877515
ripe,0.7859838728522135,6.9915,79.062,0.15666236942894546
ripe,0.6056610021805872,99.3337,86.6591,0.03398384910172801
ripe,0.5861846742781863,70.3255,160.9576,0.04621525721634394
ripe,0.11779101183175013,11.821,110.4262,0.17650230025064653
ripe,0.29407275601744165,7.2047,236.565,0.08557558062049805
ripe,0.4226859542446305,31.1554,182.9619,0.06151497378072417
ripe,0.44987544435630433,7.4637,110.6268,0.061428885707338836
ripe,0.714520278206332,28.1799,86.2349,0.1404963629281988
ripe,0.2634208160280273,32.5977,95.5436,0.13574029614051572
ripe,0.6694633633976133,65.9702,101.4889,0.12502612525737847
ripe,0.2987151452491134,8.9922,240.2961,0.07868767374094655
ripe,0.1955280243188689,32.5547,174.8734,0.04838109134291881
ripe,0.840469161708908,77.8479,65.3075,0.044267866445177495
ripe,0.8110945900213185,58.2591,58.7514,0.10890990771104218
ripe,0.41404219094275896,10.6094,214.4504,0.054104325145172494
ripe,0.73567708033892,33.8324,80.6106,0.12474764124779116
ripe,0.46022911793553095,57.1545,174.7087,0.042250964481807644
ripe,0.43251507597571076,121.0122,131.8838,0.03513428524608287
ripe,0.7445941662164699,54.4518,75.186,0.0969927832269931
ripe,0.6027997379544029,45.6807,170.2304,0.030991127759536437
ripe,0.29081932012972345,107.8964,185.9242,0.042318506585675125
ripe,0.9402069898566511,88.9935,49.7867,0.03887737130642593
ripe,0.7217078449327743,53.1097,83.9204,0.14272073428877163
ripe,0.6638792948842438,78.0801,106.7673,0.07789947367464259
ripe,0.3993074060993914,23.4803,170.4063,0.07796083631403924
ripe,0.6939018019280987,29.7417,93.5037,0.12420510455256908
ripe,0.290702563357484,14.2547,206.152,0.05005564902684697
ripe,0.2757203588885985,11.0122,222.7386,0.06672007193573525
ripe,0.7730257329194002,45.986,78.2822,0.14353177347152
ripe,0.46338266928665583,43.8424,178.7045,0.08516599085638205
ripe,0.7052149909480461,48.2353,86.6616,0.14682185803104614
ripe,0.6698263800572971,25.6399,159.633,0.07788827895637881
ripe,0.5840144149380124,71.7445,188.0873,0.04854107538496394
ripe,0.2546852664845575,48.1798,94.8646,0.15087937564639867
ripe,0.41368470935975526,19.2368,196.7983,0.03373099464546582
ripe,0.2589338071559735,66.2664,113.7823,0.12459808986053947
ripe,0.697495863809529,100.821,180.6184,0.04480493275966948
ripe,0.7228637849423326,33.9887,104.8048,0.05263305044785028
ripe,0.7705392277789304,70.4748,80.5585,0.12765079708619548
ripe,0.7960627620979877,149.7884,80.1523,0.09004809824964806
ripe,0.9142116484965602,51.7625,35.2115,0.12021677918289769
ripe,0.6499264799828223,25.9621,123.3972,0.04192588698702084
ripe,0.8336584335654358,48.7814,74.4382,0.072043514621109
ripe,0.6739340510414213,62.6262,107.7001,0.09927596888486585
ripe,0.7507049450076291,79.845,70.0693,0.0479227920674566
ripe,0.8850496476601537,66.8246,131.9201,0.054114748446373824
ripe,0.6935048592323607,36.2606,140.6198,0.13403455523262256
ripe,0.32493017462009427,33.7239,207.8211,0.06918163050292166
ripe,0.7606805199284766,39.3665,128.2273,0.15756366965463434
ripe,0.1817135510944212,2.2166,52.3395,0.23155934442227993
ripe,0.32493017462009427,33.7239,207.8211,0.06918163050292166
ripe,0.7901721244216455,49.5622,69.8761,0.13712557746911885
ripe,0.7966554561443744,30.9005,81.2066,0.11750391481665012
ripe,0.20899089005068258,36.1431,231.2048,0.03492179834653556
ripe,0.6867967252257322,30.6808,107.9298,0.07193510964032146
ripe,0.8279920635324078,150.2242,69.5419,0.10892479973645613
ripe,0.6412019544251817,28.7883,164.3387,0.08566260560205008
ripe,0.42282173084488606,47.8683,98.7199,0.046397478375117054
ripe,0.2669577470331875,24.7902,158.6902,0.06060910822034347
ripe,0.7152226634222119,17.8879,87.5964,0.12090361449136441
ripe,0.26569809806289535,57.6194,110.2266,0.13271883060243236
ripe,0.9116203082552121,34.7562,62.9975,0.13275824643492037
ripe,0.21394924959797212,7.7812,97.0845,0.12106470169735137
ripe,0.27360912468833065,10.417,31.3034,0.2503125685767072
ripe,0.38447197315866405,11.6032,139.1671,0.0986176454700421
ripe,0.6928929281328676,13.6472,98.5074,0.1274913251823401
ripe,0.691015324647271,20.244,99.6036,0.11767452569367144
ripe,0.33340311056968075,32.523,189.1367,0.04568130908350421
ripe,0.8396091428859996,67.3162,65.7732,0.08424351606254696
ripe,0.7456470550009157,36.3404,82.9244,0.033196294970668054
ripe,0.7337987551616073,45.2387,79.2004,0.13385884354952557
ripe,0.7015077082232507,23.8705,93.9075,0.05075895979514065
rotten,0.9763599373075339,74.0012,87.6958,0.06082619500889427
rotten,1.0378940413931776,29.6005,102.8488,0.06715937759611774
rotten,0.9342635707013157,87.0386,68.4906,0.06054532186112195
rotten,1.0162144833715916,25.4343,78.2839,0.06527684121606825
rotten,1.0126870614774155,84.2965,47.9953,0.06831932376031319
rotten,0.9821564159183672,123.9343,26.5987,0.07000117141176972
rotten,0.988838965606361,101.7166,52.0705,0.05895803591797126
rotten,1.07056514875652,103.5154,76.8492,0.053918883514206324
rotten,0.9990256669525042,41.5475,35.5252,0.07073480048038107
rotten,0.9860742521751393,40.4382,32.0957,0.0776439823733577
rotten,0.9349468209205091,62.9839,105.6113,0.05719339122089004
rotten,0.9660561152400909,65.2454,41.5346,0.0442122607384994
rotten,0.967089714041906,66.1475,57.0154,0.07946492307135937
rotten,0.9971657202914892,20.3785,38.8205,0.06833289104864598
rotten,1.0934547317205656,104.8302,77.9338,0.057169904664485155
rotten,0.9204330834197636,44.3188,42.9433,0.05634937443632316
rotten,1.3451250203000313,49.9629,118.612,0.04217115127245542
rotten,0.9988631150343585,34.5194,41.0154,0.07458839051010092
rotten,1.0030573548084192,67.8337,60.1819,0.05988797875436009
rotten,0.9790826788213491,25.2143,48.1246,0.04923157522886354
rotten,0.9915285447068558,20.6967,36.4112,0.0628454771579474
rotten,1.0078480166653259,31.3588,70.1037,0.06510105989269584
rotten,0.998764453101041,85.0451,63.6207,0.07435756853807278
rotten,0.9915308116404792,41.5102,34.9626,0.05516074690748357
rotten,1.0244421116066977,73.4101,83.1104,0.07711950465874712
rotten,1.0343062348018919,43.0164,107.394,0.05713284518862305
rotten,1.0162144833715916,25.4343,78.2839,0.06527684121606825
rotten,0.9646341854392813,121.3808,40.5691,0.08609088220315594
rotten,0.9821564159183672,123.9343,26.5987,0.07000117141176972
rotten,0.9976014949681362,22.8187,36.7844,0.07374845082381211
rotten,1.0154649485690406,24.3488,77.5638,0.06677315328115237
rotten,0.915241540420675,67.096,73.7393,0.04693357007046713
rotten,0.9754471607193781,30.4052,42.3305,0.06727420009999997
rotten,0.986306791806058,116.3978,29.0202,0.07486368945543016
rotten,0.9832931317073449,22.808,53.1734,0.04033437739292163
rotten,1.011500707282577,19.4578,50.6305,0.1270288943381494
rotten,0.9891853900422355,45.907,64.5565,0.056573651105085
rotten,0.9970964076332587,93.98,30.3858,0.08197664300674896
rotten,0.9868319790429012,27.3193,64.7655,0.048676544654752546
rotten,0.9842909159759373,49.4238,29.4874,0.0720372820070422
rotten,0.994355761809953,47.2453,83.4148,0.06897038494200694
rotten,0.9836997068794604,60.4572,39.5687,0.04884606431968508
rotten,1.042781558847951,88.6276,74.6354,0.08112564328671745
rotten,1.1478034826999994,98.7891,71.6591,0.05681093204088895
rotten,0.9308742477020986,88.4954,68.7568,0.05569071735378983
rotten,1.005898969336629,27.9118,63.2656,0.07050607065356697
rotten,1.0117338282348303,84.3917,71.5952,0.05978499811227855
rotten,0.9935855178459436,33.4533,47.0026,0.05584818707331686
rotten,1.0057506674912198,27.4551,25.0944,0.11372836056768414
rotten,1.020827635019308,93.0781,76.1606,0.07483664876836679
rotten,0.9087546988302506,76.9831,73.8984,0.04489596863413095
rotten,0.9878502431226795,28.6172,57.6168,0.04323413003202634
rotten,0.98383030903884,60.3918,72.3606,0.07425550483901663
rotten,1.1209209090617251,105.174,78.5934,0.05366973075602217
rotten,0.9915628069628982,39.3195,53.616,0.05966419361131128
rotten,1.0775175952278166,104.2532,74.67,0.05081702470121136
rotten,1.00417616194989,36.9318,63.4093,0.06550395407257371
rotten,1.00417616194989,36.9318,63.4093,0.06550395407257371
rotten,0.9990441233401574,69.0798,72.1005,0.0735855284612201
rotten,1.017189427806942,22.8277,61.0733,0.12444979709466161
rotten,1.5565899618217462,65.5981,129.9094,0.042295342528961985
rotten,1.089510046724185,105.0458,76.8713,0.05432268402251318
rotten,1.0146997585675324,85.5326,42.4404,0.10639921051274695
rotten,1.0457200405799558,101.4923,76.2225,0.056809594254443804
rotten,1.0106694502151043,63.7127,89.3845,0.05413773175349906
rotten,1.0707940685685116,104.6564,74.51,0.0513464701753948
rotten,0.9952862231582892,43.168,64.9027,0.05923141058001513
rotten,0.9743992096275793,41.9503,43.7274,0.04802711733530005
rotten,0.9655530512278704,125.6883,31.977,0.07726410550058839
rotten,0.9093735826247739,12.5514,51.4903,0.14244627055820666
rotten,0.9935855178459436,33.4533,47.0026,0.05584818707331686
rotten,1.0530600071519705,104.5051,77.7986,0.051166551569129574
rotten,1.0124138171467572,97.9614,65.8186,0.07641323183083021
rotten,1.1196856762475556,105.1985,78.3288,0.055376836307130084
rotten,0.9838243252549764,19.4854,24.4744,0.06991899598122292
rotten,0.990021002111545,61.7494,32.302,0.07575659706489057
rotten,0.9990441233401574,69.0798,72.1005,0.0735855284612201
rotten,0.9810137868605164,43.5041,35.6796,0.04943349066686739
rotten,0.9302621433645185,8.8678,74.9998,0.14645247009084666
rotten,1.0084395762084297,75.0273,69.4,0.06951894705066686
rotten,1.0742837080630907,111.3405,75.0159,0.05848964010246423
rotten,1.0088125492443092,99.6259,68.9227,0.07256574948932065
rotten,0.9796441991960698,117.7212,41.8153,0.07023741167649433
rotten,0.9419733613131323,77.6246,93.901,0.06644942437009439
rotten,0.9389181312294812,72.0,76.0116,0.07918018690774921
rotten,1.1274348835059083,107.6311,86.6732,0.0526284333744227
rotten,1.03928625537904,103.616,75.4795,0.050278703239984325
rotten,1.013938517012981,90.7368,57.6488,0.06777152793822346
rotten,0.8922030977432239,70.8243,87.2013,0.04344953394022113
rotten,1.0401021986998757,48.5953,110.4774,0.067835285796403
rotten,0.9982427568780037,91.2486,78.9335,0.07190852521756952
rotten,1.1226005905381067,108.719,81.8187,0.05220628314154246
rotten,1.0969209073364095,104.0511,78.1305,0.056769657382755453
rotten,0.9455080132939315,79.2575,83.7315,0.06679136171023752
rotten,1.0664618812881816,103.5016,76.2392,0.05346413750756966
rotten,1.0144980867384545,84.785,37.9915,0.11669635811488031
rotten,1.0343062348018919,43.0164,107.394,0.05713284518862305
rotten,0.9931820697070276,86.7882,38.7339,0.07061967147334072
rotten,0.9543754921937583,121.0907,44.149,0.0819869379758485
rotten,0.9917265404466618,74.2347,59.0681,0.07284428597315469
unripe,1.0780928824125802,104.587,83.2605,0.06055790616646639
unripe,1.0002352033693662,75.4914,14.4695,0.09237081789338843
unripe,1.371663836645616,48.8752,128.352,0.037620632633130154
unripe,1.066632667458618,22.0987,67.3711,0.12454818343475568
unripe,1.0304548171631902,70.0347,71.0719,0.07890579192147289
unripe,0.8117728215136657,134.8392,80.2844,0.060940298647588334
unripe,1.1158944209216242,51.6155,93.0259,0.06673291540993352
unripe,1.0074547523912412,23.5959,21.1171,0.12462276676792983
unripe,1.0860900539659868,32.5963,68.402,0.11542591562268575
unripe,1.2544358675934844,39.1825,121.1595,0.06395130959708366
unripe,1.135079291797712,21.242,96.0243,0.13341615343143431
unripe,1.2453635460286652,63.6338,77.8533,0.044087458529736764
unripe,1.2469905393045926,39.7552,212.7966,0.06143889646832088
unripe,1.1691073315760385,30.3049,158.0377,0.04939969635040213
unripe,1.0749940733860561,52.4976,64.464,0.03220031055428857
unripe,1.238729408537124,44.0558,135.259,0.06283099552935997
unripe,0.8206341200436535,137.3454,71.5715,0.055543082372001944
unripe,1.123088828101146,53.9981,86.8643,0.06086951617401752
unripe,1.0664630678544178,23.9602,57.2195,0.05563098057180944
unripe,1.144825078166189,112.573,128.3889,0.054841553583012945
unripe,1.1496396455039248,28.53,102.8401,0.09334929029326995
unripe,1.0189519229311095,64.715,76.2979,0.07767577485157966
unripe,1.1577685683352097,46.827,84.6917,0.08680104837208542
unripe,0.9930940826916654,45.9856,97.2974,0.036129517015024315
unripe,1.110205625825892,40.8021,97.0533,0.0668190092646325
unripe,1.0196476351933648,65.9788,62.7569,0.07667365909374764
unripe,1.1789002420529164,113.1296,133.4031,0.05564922281021211
unripe,1.124387527512837,105.0961,80.4344,0.057653326004101606
unripe,1.3769400528417055,101.5647,120.8265,0.05845783094946764
unripe,1.70411662057583,44.9493,221.4491,0.04616585317714536
unripe,1.313973347867403,44.2447,153.5856,0.08569663936544547
unripe,1.118542949209484,45.0836,129.3588,0.05631676481622221
unripe,0.8422814172083122,127.5654,77.7908,0.06056020144671327
unripe,1.0282970003751497,72.4975,82.8528,0.08592680605331095
unripe,1.1215021016150664,31.029,111.4954,0.08521539766114847
unripe,1.181648201140036,55.7812,140.6026,0.04651165444882963
unripe,1.0156184289927064,35.5787,183.0803,0.05775789122996792
unripe,1.19761948354529,114.5469,137.8759,0.05749253864058294
unripe,1.1096632123517762,101.0992,84.0065,0.058996677866672106
unripe,1.1231628707567625,57.4178,87.5982,0.07013203261717359
unripe,1.0574537609734225,18.4523,84.3299,0.15058940864305356
unripe,1.4435809173903642,103.27,129.7421,0.05896427731520707
unripe,1.0386252553308344,99.9762,57.0209,0.0833488332168519
unripe,1.079662045377385,22.2863,71.9012,0.11746441162003249
unripe,1.1074040145377357,48.153,91.9458,0.07434827502299207
unripe,0.8188814532726011,62.7512,78.7564,0.06211719568065103
unripe,1.1434652787988715,101.1528,82.2193,0.058800170061901254
unripe,1.234644266431591,38.633,250.6738,0.07729067213322206
unripe,1.0200671058683735,64.0959,64.5061,0.07779044927746419
unripe,1.1291763626004512,51.9376,123.4374,0.03007670194384814
unripe,1.082578622812522,100.7492,84.471,0.05423299733014723
unripe,1.1378931793084983,43.0683,99.0086,0.05501183508477734
unripe,1.0857466285436839,115.6896,82.0112,0.05982877233642777
unripe,0.9123854154991575,25.3857,119.3877,0.02891432170798396
unripe,1.136321204346845,47.6562,97.5753,0.06430220835378087
unripe,1.0640258852181004,22.1114,61.8819,0.13659672029835954
unripe,1.070513348093427,17.0516,54.1057,0.15551258468420864
unripe,1.0824858031908564,78.9234,76.4599,0.033742999270549176
unripe,1.1551195279159026,102.7277,82.9752,0.055286001839423074
unripe,0.8574059792791421,24.4276,180.8985,0.03380289928055688
unripe,1.0057704571388324,101.2278,42.8454,0.07644486901572424
unripe,1.11470690256364,104.7605,83.8354,0.05773241723099245
unripe,1.1150370773463605,49.4473,94.3802,0.06590270100027287
unripe,1.1810435493958622,114.1441,136.5723,0.0575344592339057
unripe,1.1973792291100884,112.4782,134.7798,0.056006803152587166
unripe,1.148541829177868,54.0749,97.1847,0.0724114907935979
unripe,0.961843265659915,27.1591,161.3951,0.035067306708015895
unripe,1.0157487340743296,24.3289,74.1698,0.09481180305321772
unripe,1.1725772545442261,25.7042,85.7277,0.13032161753371255
unripe,1.0713180258234398,27.7163,66.0463,0.10484907246991428
unripe,1.0535611286529096,35.2295,52.9001,0.05868684690210551
unripe,0.9269999614326314,27.3786,132.2,0.05359020432341734
unripe,1.3982722259860836,57.2699,135.6811,0.046431067181024716
unripe,1.1529734040673258,54.7386,98.9596,0.07218020503543893
unripe,1.118608314012615,51.4554,99.1896,0.06587401611509748
unripe,1.146261139970916,50.1147,93.4282,0.0458389135951078
unripe,1.0709157206033275,105.0935,78.0564,0.05930548034791196
unripe,1.091799767066387,100.1947,81.1929,0.05628205752605767
unripe,1.0215972108222533,62.3389,73.329,0.08194233337327593
unripe,1.091994575478271,49.7512,79.7658,0.0694251395319882
unripe,1.3974753046349686,43.1356,186.9998,0.05226652848098525
unripe,1.1100266698829937,99.1002,87.2448,0.057612845784045005
unripe,1.0715248184847799,107.0879,81.9376,0.05953958346588434
unripe,1.1917028243344518,112.8222,131.0082,0.055005163388493684
unripe,1.1208462668628243,48.7215,100.9042,0.073504720929471
unripe,1.175073487572859,58.0912,105.2811,0.07688090789537975
unripe,0.8146522838582784,23.0613,186.4803,0.06120313716837427
unripe,1.6329909288649045,57.5598,200.9693,0.061819737942146465
unripe,0.8686033864639116,19.5785,143.5208,0.02700140736802778
unripe,1.085047473095885,42.3294,60.7695,0.08250814504422263
unripe,1.2152734857064165,38.5004,163.1804,0.03005970724773085
unripe,1.4033544642225948,62.6422,159.6786,0.05978782484156019
unripe,1.02979835557346,69.1572,76.679,0.08370573456220708
unripe,0.9885997461927661,113.6757,36.036,0.08197231239056336
unripe,0.9193362991617334,19.2111,65.4731,0.04053033431482472
unripe,1.0783669916527032,102.4841,83.1454,0.05825413289476801
unripe,1.0368722577286011,61.7291,78.9531,0.08166508433024583
unripe,1.0692389433014575,104.5364,80.0781,0.06120740150709496
unripe,1.140623929490346,25.5752,82.8708,0.11777546432608868
unripe,1.0279285254667747,50.6634,76.9835,0.06896029291591571
ripe,0.9476598421517085,18.3104,28.3122,0.08809568660523527
ripe,0.9402522702652416,18.8787,34.2365,0.07774795173373412
ripe,0.7360857360298811,28.5939,111.4984,0.09387972091052103
ripe,0.8656150696264355,13.169,57.239,0.03998622262330139
ripe,0.9449869186505155,22.0409,28.0159,0.08876483537090665
ripe,0.8949807240079188,22.6572,49.0835,0.07388518118613634
ripe,0.9225812659315311,20.2421,42.2817,0.08360179423075888
ripe,0.7046787543091781,19.5543,112.2924,0.07123586174803453
ripe,0.931267101802575,21.9863,32.9329,0.08053032968207054
ripe,0.9178695022871002,18.5767,44.4655,0.08983534938088639
ripe,0.7238184851540013,39.0185,104.7197,0.07982999435503824
ripe,0.9262967795687548,20.9868,33.9969,0.08280109901824248
ripe,0.7505763507424722,22.8514,94.3285,0.07719375621647273
ripe,0.8091220926176287,23.1719,84.8306,0.0754899993301116
ripe,0.7924430328934535,45.96,86.6344,0.082194951174928
ripe,0.9543468063538113,21.1473,24.5525,0.09260765626169773
ripe,0.9462595565223194,21.0408,37.0882,0.09141415644378441
ripe,0.9431115845932825,15.8855,26.928,0.0691142532264123
ripe,0.7769719606085042,25.7742,91.8413,0.08154734820133641
ripe,0.9268928411606427,23.143,45.2377,0.09555579520978211
ripe,0.9415001478011472,24.4279,34.3419,0.07918818092838
ripe,0.7516447517336847,29.1532,99.3858,0.09747412989147304
ripe,0.7453433243367211,27.7124,100.9686,0.09193120252835665
ripe,0.9256804136767072,17.3036,38.4242,0.08642419799168616
ripe,0.7675263861491733,38.9082,91.0965,0.08691394593785967
ripe,0.7464660928292967,21.5884,96.3004,0.07220020774871375
ripe,0.586220414998517,9.5724,142.886,0.0925070267508825
ripe,0.8040796611343829,29.3403,82.7236,0.09085668934288225
ripe,0.9357509646795905,20.9759,40.9067,0.09325683888198566
ripe,0.9202505084513285,21.548,34.6805,0.08077521896408002
ripe,0.9280540714182405,18.7749,33.9079,0.0876326537225942
ripe,0.72074097230817,25.624,121.7463,0.10381711803861825
ripe,0.8942812061234193,42.9518,41.4795,0.07433368011133917
ripe,0.7968252690493863,61.1585,76.0829,0.06831898710509768
ripe,0.9576116182959499,36.7894,135.8816,0.03704651130302975
ripe,0.7753322006056856,42.9811,94.7956,0.08125392297409129
ripe,0.9069600321854047,20.5994,40.6311,0.07991655647437937
ripe,0.7526232589159023,27.5629,182.2684,0.037961770239436685
ripe,0.7957111349862525,19.785,79.4084,0.07302670743593345
ripe,0.7960621938490675,16.3955,83.4036,0.08550817503921873
ripe,0.9209018365204664,23.6444,41.7112,0.07843482644061626
ripe,0.8726291447322881,15.6828,54.1337,0.038326205130513775
ripe,0.9441058406986851,20.5092,34.0272,0.0908146684096272
ripe,0.7551022564977787,18.2303,94.2728,0.08945799013167831
ripe,0.7337734826191308,39.1012,102.0478,0.0878964163004092
ripe,0.9367747786096583,38.6782,35.3771,0.0775421046838261
ripe,0.9289519012162629,21.3979,40.6816,0.0843830077597137
ripe,0.7947696415346435,28.369,82.3362,0.08427344776725108
ripe,0.6732190343849653,26.3575,134.3001,0.08971061251819877
ripe,0.9093284166711579,24.3392,43.5714,0.084005118883248
ripe,0.9397844212263082,20.4086,39.9772,0.08671804886236772
ripe,0.953038393933001,26.8266,30.3284,0.06457587784278268
ripe,0.872083997303721,20.8044,53.4897,0.0917809457257619
ripe,0.9182587290841738,17.294,35.281,0.08404668939694905
ripe,0.8082291577237953,22.8378,74.1665,0.08207718317932619
ripe,0.7881974734072474,21.6017,85.6184,0.07903962296690531
ripe,0.8766820538311748,21.772,47.1128,0.07553902302028251
ripe,0.9316495528796664,17.6877,32.9567,0.08867468634524375
ripe,0.8037197503508587,17.3088,76.5419,0.08674569729096099
ripe,0.9279630214089406,22.2841,42.6921,0.09189115299260969
ripe,0.7598473764780664,23.6278,95.4544,0.09267510991783211
ripe,0.9057929149395225,20.5146,41.1873,0.0954888370343695
ripe,0.7407680859997067,23.3627,103.2139,0.09285256053699155
ripe,0.9228085211035578,20.0214,35.2172,0.0850720635611512
ripe,0.8245647178486187,27.524,76.7334,0.0934904380043858
ripe,0.7961629882151575,54.2786,91.8569,0.08517781400428721
ripe,0.85240645098581,18.6061,55.6921,0.04171174894022097
ripe,0.7660929799971203,19.7765,90.7823,0.09309691723288474
ripe,0.908811015928686,19.0379,41.5468,0.0859688548168572
ripe,0.9373989256339202,37.344,31.8078,0.0894627631945229
ripe,0.7239019003582787,25.3679,107.9432,0.08705163983799732
ripe,0.8972307732610958,22.2383,46.0736,0.08364785710704493
ripe,0.8072926593733945,18.5634,74.3394,0.091347074382988
ripe,0.7746701841495063,16.5155,86.3765,0.09437910784818065
ripe,0.8118190925954277,39.9591,74.5492,0.07691421194302675
ripe,0.91580726551408,19.364,36.2312,0.08230947696738833
ripe,0.7843938447705954,17.6114,83.2041,0.0938849615126785
ripe,0.912612880756454,58.5907,44.9239,0.08008325666902746
ripe,0.93151943346963,24.4411,43.8404,0.09699363895698751
ripe,0.7550826937979976,28.7113,96.5867,0.08851978309074672
ripe,0.7465998780708032,20.8129,123.4593,0.03809346400250019
ripe,0.8463864222752377,12.6143,60.0576,0.0427037937382064
ripe,0.7842782659092874,31.7821,92.9635,0.08381200390513945
ripe,0.7220998897808053,29.3045,115.8086,0.0856514915137662
ripe,0.8844183838182845,23.3169,57.3582,0.086039351453387
ripe,0.6948570735589885,28.1793,126.6644,0.09491352905776018
ripe,0.9217156059018187,19.1674,36.0377,0.10323638892303649
ripe,0.8747839666526407,27.8251,49.5442,0.08404172772252722
ripe,0.7993317400170625,32.367,89.7894,0.0940991923356894
ripe,0.8017137001735133,42.5124,82.3514,0.08257756353051468
ripe,0.8980572295702763,23.2335,42.8021,0.09207941137031815
ripe,0.9068440205621061,58.1527,54.5162,0.07013806383851874
ripe,0.8178145575318916,19.3221,77.2946,0.09234827555669006
ripe,0.7541219864954766,20.092,96.5327,0.09712551671992962
ripe,0.7459370915697258,28.6602,111.3749,0.09669859356852031
ripe,0.923016526620403,20.2998,35.804,0.0996229090019713
ripe,0.7763159191269704,23.9916,91.9761,0.08538750493217256
ripe,0.8902759658615826,39.5571,48.0203,0.07960119345042968
ripe,0.779864994411947,47.051,93.8623,0.08215833493109512
ripe,0.47224247894117866,27.022,205.893,0.04017265238538814
rotten,0.5207315557640577,19.0425,151.6824,0.04073757478873884
rotten,0.725604614150746,20.7209,105.9598,0.07849168108002154
rotten,0.6163571017555384,18.6018,123.5284,0.04952811322379839
rotten,1.1202237690285481,92.39,89.5977,0.07767043194674188
rotten,0.8163905196194896,30.5121,72.1651,0.0874794718689446
rotten,0.9574409944421747,6.8465,55.2384,0.17267078500440358
rotten,0.5120456390382039,19.1598,158.8419,0.051652453953964325
rotten,0.9305505081162242,6.5804,60.1609,0.17811780369647165
rotten,0.9812280992073352,4.7455,34.4791,0.2190528657434163
rotten,0.7733457984815394,13.5323,85.9905,0.08263690458042477
rotten,0.93259028558197,88.0941,29.9686,0.07788495360971069
rotten,0.6949230593399984,21.1204,126.7737,0.08253894837370696
rotten,0.8549509225905109,3.957,54.5461,0.16859651833390585
rotten,0.7153847206261246,30.8776,96.5531,0.08856495920188329
rotten,0.662581635214412,48.0714,130.1562,0.05705779525488942
rotten,0.9661348653012095,6.8185,22.2538,0.2159769894934893
rotten,1.0602425899184222,94.0539,93.1932,0.06249227151591581
rotten,0.3475548512583145,43.5592,169.993,0.04867950286851809
rotten,0.5054077592952789,40.7805,157.4816,0.06688961054681926
rotten,0.9568701382535998,11.1476,27.5028,0.17546163681512444
rotten,0.9478431786953301,3.5136,41.222,0.21291801236845415
rotten,0.8426162694669165,3.9933,52.2867,0.1450347130717091
rotten,0.9478899327565962,2.6379,28.605,0.22360708394413617
rotten,0.9818675640371751,2.9334,16.7709,0.24207452982145802
rotten,0.9614915393930294,50.7964,20.9935,0.10106395993605839
rotten,0.8324670854986901,58.8177,89.0498,0.06268893043603486
rotten,0.7773460581904422,18.6125,73.9083,0.11505572561742608
rotten,0.98008313262713,15.2366,16.5168,0.21800529349191214
rotten,0.7461370395528343,40.1725,87.2082,0.05822676359992823
rotten,0.44433767644667677,31.5015,174.1397,0.07899977214367018
rotten,0.7354036934541768,21.7453,147.102,0.058058470521758
rotten,0.8442710097673949,9.969,63.0079,0.15260323717189767
rotten,0.9435248856690982,1.0785,21.0247,0.23732736881517721
rotten,0.9814872404153453,13.0871,18.9205,0.2318104872287981
rotten,0.6522874961743683,14.8001,126.7693,0.060435238059178
rotten,0.8791628211191359,5.864,39.9367,0.14062829016966938
rotten,0.9864084407965926,15.8152,19.5637,0.199464457966934
rotten,0.7350900701610144,5.6083,102.2853,0.10928342050654999
rotten,0.8340722811593215,87.4962,65.0545,0.06070650705865842
rotten,0.7056822116344166,14.1223,106.9259,0.03265930188761961
rotten,0.9658298956195241,6.6976,22.3845,0.21525408240201424
rotten,0.8462381605550119,5.1915,56.4252,0.1409557306249955
rotten,0.7594171829095272,89.7079,94.009,0.0628203151791737
rotten,0.7492647317752572,12.764,145.2188,0.07142709569189856
rotten,0.9929326574364111,9.2358,19.2287,0.1959618023807696
rotten,0.9615728460134877,19.4972,20.5498,0.1935030438843568
rotten,0.9948926087419538,2.2001,9.6754,0.25691086778647443
rotten,0.924844066285931,9.8275,59.0291,0.1210053882976768
rotten,0.8322776981429634,54.2904,68.4602,0.07776153289892522
rotten,0.9631982593575102,0.7669,13.5393,0.2527125441825698
rotten,0.6784527067560449,41.6858,133.7557,0.06292157022204846
rotten,0.9194109133380798,28.8454,40.675,0.07375472865458897
rotten,0.9784363100961797,7.5069,28.6455,0.19887431204680459
rotten,0.9624873814538144,7.4571,30.5809,0.16948822966287289
rotten,0.7056604789716461,45.1377,106.8758,0.06039998343766634
rotten,0.9523697645190241,2.3321,25.3104,0.22242527731826123
rotten,0.7771432995070875,17.7876,104.1949,0.09011417201736854
rotten,0.9267142490345671,2.1157,41.3823,0.21369630317548027
rotten,0.9701906539392553,6.1436,18.5705,0.21366718510540936
rotten,0.7953335729949009,5.1365,80.8563,0.1458230708624226
rotten,0.7659318101731274,7.7228,107.0512,0.08437971319325524
rotten,1.0268748606400757,82.9896,81.4421,0.06312799695224751
rotten,0.8290122174358205,12.6248,70.9933,0.1481930362588194
rotten,0.6382927834421552,74.3723,120.1326,0.032145357359863576
rotten,0.8028957769992432,11.5987,64.8183,0.14559434053479023
rotten,0.6530252186609617,18.2114,143.2544,0.05643677878266067
rotten,1.0000933857795884,1.1067,3.3038,0.2724707213356179
rotten,0.8601508105763758,7.6587,54.8831,0.13937889365364725
rotten,0.6764701151132861,17.6616,128.0387,0.05553719473814935
rotten,0.9827540864112095,1.4812,10.8311,0.2538136954285874
rotten,0.7718747096839061,72.6407,141.1789,0.07700592184250518
rotten,0.9910932479771332,9.5256,12.1265,0.202018286280816
rotten,0.4451124869569863,70.059,156.1394,0.04192851058228041
rotten,0.6143193992205371,33.5715,131.0917,0.03902927106282339
rotten,1.0771062005870324,42.3471,103.7646,0.03651276488754807
rotten,0.8463999230381785,12.3371,64.207,0.07716268527474393
rotten,0.7505966188794566,9.6637,87.3323,0.0861972157236764
rotten,0.8795035870878399,43.8307,45.9852,0.0868711689715908
rotten,0.8376501745618364,66.9008,66.1023,0.06927853923864227
rotten,0.7922256463500945,11.3658,77.9168,0.06686257547466952
rotten,0.9315965336869281,79.708,42.4627,0.09847319431226251
rotten,0.9873578140665815,6.6431,18.7439,0.2013256267639408
rotten,0.825700684770561,6.11,95.8427,0.14114552772233196
rotten,0.934549027997257,41.8221,107.2832,0.08394282577201413
rotten,0.9859514463739691,1.2285,8.6004,0.25964260433626285
rotten,0.7231330132690774,65.4102,112.1036,0.05095064277789639
rotten,0.8034203499430547,15.8883,87.4833,0.05711435895943848
rotten,0.8316096421242469,7.4898,92.4263,0.141663657993101
rotten,0.8753969277942618,8.4534,72.56,0.13286301967240352
rotten,0.7059094505965559,78.6684,69.0263,0.032638229115363314
rotten,0.9478243000500813,43.6892,66.5212,0.10609935908264756
rotten,0.8723449834057422,8.1623,39.0583,0.13440940441943344
rotten,0.5624633643255386,10.2224,146.2263,0.06839134447475444
rotten,0.848925020044359,6.8222,71.0495,0.15073824994159776
rotten,0.7049265337017167,34.593,96.7194,0.06306807432611593
rotten,0.8286822443015899,6.0662,80.0888,0.14069808810371523
rotten,0.7864323344481595,6.8862,80.404,0.1080245620109896
rotten,1.0239212128770234,21.7257,56.5921,0.10270205449693037
rotten,0.9638620216861251,7.0525,18.1569,0.22406083546652986
rotten,1.0047407278319853,3.6347,4.9239,0.25271852323727023
unripe,1.1241014866566603,38.6933,138.372,0.04925862360556492
unripe,1.0753315644678503,34.5336,171.3724,0.04748062762379114
unripe,1.0093560394066192,49.1155,41.0871,0.052083682660286776
unripe,1.0443585767065504,40.6961,59.1157,0.04401281631084944
unripe,0.9346372982111374,32.3418,213.5251,0.05471226552978147
unripe,1.039936118191292,16.1887,60.4239,0.14281816409659032
unripe,1.0234622056111615,35.1027,37.1441,0.038972118234658924
unripe,1.1681987916624261,43.4362,131.1114,0.09009381775891517
unripe,1.1427879958950569,34.7542,155.5102,0.03203235863614769
unripe,0.967859609936272,76.1187,37.2093,0.03464462439917555
unripe,1.152975798070185,37.4239,159.1107,0.07803815732564429
unripe,0.9950373276590885,30.4432,27.4684,0.09153004970131093
unripe,1.0905907570746398,34.5935,111.4569,0.03918627310287222
unripe,0.9346753004369281,20.6428,71.2876,0.045243673586376716
unripe,1.0132870987418985,39.968,185.5679,0.04257008338772145
unripe,1.062321986562402,45.8615,49.2959,0.09215706157588476
unripe,1.033711681654995,83.7218,24.1498,0.03423629652526066
unripe,1.0196849019773082,33.4882,33.6375,0.038171062334032495
unripe,1.007725278484751,36.1984,23.9624,0.03376936481149632
unripe,0.9722819466902805,92.2905,35.1503,0.09812367705133328
unripe,1.0061962205834045,13.8364,38.4131,0.14989989991826547
unripe,0.9257310987178244,15.6921,52.4792,0.036224439260498675
unripe,0.9808094393745843,35.6019,68.9839,0.09620707873201868
unripe,0.9671333498080507,22.2003,54.1915,0.08925734702760678
unripe,1.000413056987649,30.1189,16.9386,0.03442966743613594
unripe,0.9325917251530899,21.055,54.294,0.03754208304980051
unripe,0.997040896160637,29.6943,25.164,0.041184924422180996
unripe,0.9220697588702038,17.2888,56.438,0.03473269352870186
unripe,1.0957261742194058,17.6752,86.7299,0.15238731572987177
unripe,1.0280067945824634,12.3755,44.1466,0.1749428535090216
unripe,0.9994099828351795,65.2197,10.5789,0.06190709167158075
unripe,0.9767238484352908,23.058,65.6255,0.08522291944393486
unripe,0.9799992483950493,23.5754,56.9484,0.09215160334091652
unripe,1.0447892927325984,32.4891,130.2206,0.06522879731490563
unripe,1.0319047687166996,11.2259,53.1983,0.19276224732184605
unripe,1.0059754209575196,28.4737,33.7232,0.037694827227562934
unripe,0.9505579882304976,13.4439,35.4164,0.03885704568927013
unripe,1.0216841509456471,54.5696,27.6552,0.034194648700727207
unripe,0.9973474190234117,49.9717,102.4653,0.06322309703898225
unripe,0.9856347432567407,70.2778,65.2786,0.10782892004316183
unripe,1.0238482720138378,15.1986,44.3309,0.15826239602315706
unripe,0.7353385094561393,97.7559,125.5553,0.04286586053764117
unripe,1.2056053931495672,21.0234,89.8665,0.13483524018728893
unripe,0.9853105204147572,24.8562,38.0,0.09099985713364502
unripe,0.9714162661751677,71.4123,34.1855,0.03549278799626837
unripe,1.1248003662822532,34.954,224.3447,0.09767340476348706
unripe,0.9536017339274454,31.1852,77.1681,0.09254548070158297
unripe,0.9477999971595572,31.368,45.3114,0.036656868384127614
unripe,1.018811029373596,28.6311,65.8666,0.0677828296774419
unripe,0.9415304577496264,15.8142,46.4117,0.03918295547419744
unripe,0.9967356138746551,30.328,112.2341,0.10990331204101289
unripe,1.0285480591853555,34.7384,55.3631,0.09362636379912882
unripe,1.0195772745355969,11.8907,47.9437,0.18117752066256712
unripe,0.9842155048237576,28.2099,133.8153,0.03756189558206322
unripe,0.9860522135367854,29.1645,29.1029,0.034780655539510194
unripe,1.3501108519726672,44.2079,146.1353,0.042766739408495964
unripe,1.0226164870703978,66.8421,23.5092,0.03368198331115768
unripe,0.9716185536452844,22.776,54.7662,0.08889419552715219
unripe,1.8170934087974653,47.1055,228.9847,0.039889923535671994
unripe,1.1006007325230611,34.0773,171.605,0.02704455582651929
unripe,0.9972809942249886,32.0781,28.9811,0.0919051685070578
unripe,0.9814845085031493,22.3104,32.8398,0.039453212792986685
unripe,1.006098582468106,54.1384,20.7658,0.03433924867792193
unripe,0.9992500120632157,31.9788,31.0601,0.0975409042304671
unripe,0.8894147466460735,25.6183,161.3119,0.02968218320514503
unripe,1.3947461136805432,44.7203,189.0926,0.08756798500859986
unripe,1.0286966364575525,70.1267,23.955,0.03588035673934305
unripe,0.9420282372378328,16.8434,43.1952,0.0380092357159554
unripe,1.0168636025734887,42.923,24.174,0.09283593053487586
unripe,0.9681151668362797,58.7795,113.76,0.08033396541133328
unripe,1.0169446037577492,37.5949,28.2576,0.03955869057093551
unripe,1.0224587550700637,61.7351,21.5504,0.034146771439871146
unripe,1.0808361279254373,44.8113,57.4449,0.09185277349276183
unripe,1.012250843669689,52.7216,28.0946,0.03509071101807042
unripe,1.0251689274393656,79.9327,27.9929,0.036087671021271736
unripe,1.0141257123390113,49.2371,23.9503,0.033269265092253406
unripe,0.9956855742859804,104.6768,29.2098,0.06666835830520401
unripe,0.9920796171065619,27.4764,41.1097,0.08735823944238863
unripe,0.9929120993479282,31.5902,30.1723,0.08727868009128283
unripe,1.2282686799203566,43.4598,127.1635,0.07074179810408496
unripe,0.9989755104713669,114.7861,24.8185,0.03975492421932041
unripe,0.9671333498080507,22.2003,54.1915,0.08925734702760678
unripe,1.0020269014230565,31.8387,32.8604,0.038620331429205706
unripe,0.9714162661751677,71.4123,34.1855,0.03549278799626837
unripe,1.0038611629694083,64.3723,24.0137,0.03214103296089581
unripe,0.945472725575408,20.7435,45.3151,0.08997286256633705
unripe,1.5769729415585367,45.4438,181.4372,0.10024017157801746
unripe,1.0048373737166472,111.3416,27.2406,0.042538711776899066
unripe,1.0024301311628014,33.0926,71.0812,0.09589039575557609
unripe,1.0108590322668085,42.0164,22.3416,0.03378786764167984
unripe,1.008379070884754,38.332,31.0816,0.034676389658664146
unripe,1.1227466451667896,28.3962,98.4575,0.08793168938700999
unripe,1.0357371479502244,50.9565,35.486,0.061079063509961166
unripe,1.0561937164656134,25.1641,102.9029,0.07324312936328628
unripe,0.9921095453175328,30.1346,29.4443,0.03391943395414927
unripe,1.012433412200085,50.334,71.9731,0.06548324976009046
unripe,1.078639003985737,34.801,130.0486,0.09404875330503305
unripe,1.0029873411436108,31.0534,17.3554,0.03295105460805231
unripe,1.0120721338625795,39.1627,33.8436,0.09434663745051936
unripe,1.0006503387125791,47.1302,61.315,0.0348735429768294
